# Resource object code (Python 3)
# Created by: object code
# Created by: The Resource Compiler for Qt version 6.10.3
# WARNING! All changes made in this file will be lost!

from PyQt6 import QtCore

qt_resource_data = b"\
\x00\x00&\x8b\
\x89\
PNG\x0d\x0a\x1a\x0a\x00\x00\x00\x0dIHDR\x00\
\x00\x02\x00\x00\x00\x02\x00\x08\x06\x00\x00\x00\xf4x\xd4\xfa\
\x00\x00\x00\x09pHYs\x00\x00K\x97\x00\x00K\x97\
\x01\xee\xc5o \x00\x00\x00\x19tEXtSof\
tware\x00www.inksca\
pe.org\x9b\xee<\x1a\x00\x00 \x00ID\
ATx\x9c\xed\xddw\xb4de\x95\xf7\xf1\xef\xed\x9c\
\x80n\xbai\x9a(4\x08H\x16\x05A\x10DAe\
\x14\x10\x05\xb3\x18\x17._\x15\xc61\xe0\xbc\xce\xab\x88\
\x09\xc74`\xc6\x19\x04\x19\x0c\xa0\x08\x02\x02\x22\x06\x92\
 Y\xa2\x08M\x036\xd1&t\xd39\xbd\x7f<\x97\
Es\xef\xad{\xab\xea\x9cS\xfb\x84\xefg\xad\xdfj\
t\x19v\x9f\xa7\xaa\xf6\xaeS\xe7<\x07$I\x92$\
I\x92$I\x92$I\x92$I\x92$I\x92$I\
\x92$I\x92$I\x92$I\x92$I\x92$IR\
\x9e\xfa\xa2\x0b\x90\xd4S\x93\x81q\xc0z\xc0\xa8\xb5\xfe\
\xfd)\xc0\xd8\xb5\xfe\xf5R`I\xff?/\xe9\xff\xd7\
\x00\x8b\x81e\x05\xd7(\xa9\x07\x1c\x00\xa4\xea\x99\x08\xcc\
\x026\x026\x006\x066\x04\xa6\x02\xd3\xfa\xff|\xe6\
\x9f\xd7\xed\xcfx`R\xceu,\x02\x96\x03O\x00\x8f\
\xaf\x95\xf9\x03\xfe\xf5\xda\xb9\x8fg\x07\x0bI\x81\x1c\x00\
\xa4\xf2Y\x0f\xd8\x06\xd8\x12x\x1e\xb09\xb0\xc5Z\xff\
\xbc^Xe\xf9x\x14\xb8\x9f4\x0c<\x93\xb9\xfd\x7f\
\xdeO\x1a($\x15\xcc\x01@\x8a3\x0b\xd8\x19\xd8\x89\
\xd4\xf0\xb7\x01\xb6\xeb\xff\xf7\x9bl\x010\x07\xb8\x0d\xb8\
\xa5?\xb7\x92\x86\x03I9q\x00\x90zc\x1b`\x0f\
`\x97\xb523\xb4\xa2\xeay\x8a4\x08\xac=\x14\xdc\
\x82g\x0c\xa4\xae8\x00H\xf9\x9b\x02\xec\x05\xec\x09\xbc\
\xa4\xff\xcf\xe9\xa1\x15\xd5\xdb\xdd\xc0U\xc0\x15\xfd\x7f\xde\
\x0e\xac\x09\xadH\xaa\x00\x07\x00)\xbb\xc9\xa4\x86\xbf\x0f\
\xb07\xb0/\xe9J{\xc5X\x08\x5c\x03\x5cI\x1a\x0a\
\xae\xc4\x0b\x0f\xa5A\x1c\x00\xa4\xce\xf5\x01\xbb\x01\x07\xf5\
g\x0f`LhE\x1a\xcer\xe0z\xe02\xe0b\xd2\
@\xb0<\xb4\x22\xa9\x04\x1c\x00\xa4\xf6L\xe1\xd9\x86\x7f\
\x10^\xa8We\x8b\x80?\x90\x86\x81\x0b\x81{b\xcb\
\x91b8\x00H\xadM\x05\x0e\x04\x0e\x06\x0e#\x0d\x01\
\xaa\x9f9\xc0\xf9\xc0Y\xa4\xb3\x03^? I\x0d4\
\x19x\x07p\x01i\xc7\xbb5\xa6Q\xf9\x07\xf0-\xd2\
\xf5\x1ck\xef\x94(I\xaa\xa1Q\xc0\x01\xc0i\xa4\x0b\
\xc8\xa2\x9b\x90)G\xee\x07\xbeN\xba\xc6C\x92T#\
\x9b\x03\xc7\x03\x0f\x10\xdflL\xb9s'\xf0)`\x13\
$I\x954\x9a\xf4\x9b\xfey\xc0J\xe2\x1b\x8b\xa9V\
V\x92.\x1c|3\xde\xea)I\x950\x0d8\x96t\
Z7\xba\x89\x98z\xe4\x11\xe0K\xa4\xe74H\x92J\
fk\xd2E]\xfe\xb6o\x8a\xca*\xd2]\x04\xaf\xc1\
;\xab$)\xdc\xee\xc0\xafH\x1f\xce\xd1\x0d\xc24'\
\xb7\x02\xef%=~Y\x92\xd4C\xfb\x00\x17\x11\xdf\x08\
L\xb3\xf3\x10\xf0i\xd2^\x12\x92\xa4\x02\xedO\xda\xdd\
-\xfa\x83\xdf\x98\xb5\xf3\x14\xf0\x05`\x06\x92\xa4\x5c\xbd\
\x18\xb8\x84\xf8\x0fzc\x86\xcbB\xe0\xab\xc0\x86H\x92\
2\xd9\x168\x13XM\xfc\x87\xbb1\xed\xe6i\xe0\x04\
\xfci@\x92:\xb61p2\xb0\x82\xf8\x0fsc\xba\
\xcd|\xe0\x13\xc0D$I\xc3Z\x07\xf8<\xe9\x1bT\
\xf4\x87\xb71y\xe5\x01\xe0\xedx\xfb\xa0$\x0d2\x16\
\xf8\x10i\xd3\x95\xe8\x0fkc\x8a\xca\xd5\xc0\x9eH\x92\
\x80\xf4\x80\x9e\xdb\x88\xffp6\xa6\x17Y\x0d\x9c\x0e\xcc\
B\x92\x1ajS\xe0\xc7\xc4\x7f \x1b\x13\x91'\x81c\
H\xcf\xad\x90\xa4F\x98\x00|\x0eXL\xfc\x87\xb01\
\xd1\xb9\x1a\xd8\x15\xa9 N\x98*\x8b}I\xfb\xa9\xbf\
\x91\xf4\xbb\xbf\xd4t\x9b\x02\xef\x07&\x03\x97\x93\xb6\xb5\
\x96\xa4\xdaX\x1f\xf8\x01\xde\xcfo\xccp\xb9\x95\xb4\xe9\
\x95\x94\x1b\xcf\x00(\xd2;\x80\x0b\x80\x97\xe1mP\xd2\
pf\x92\x1e24\x06\xb8\x8240K\x99\xf8\xa1\xab\
\x083\x81\xef\x01o\x88.D\xaa\xa0\xbf\x90\xf6\x0e\xb8\
;\xba\x10U\xdb\xa8\xe8\x02\xd48G\x90n\xed\xb3\xf9\
K\xdd\xd9\x03\xb8\x9et\x06M\xea\x9ag\x00\xd4+S\
\x81\xef\x03o\x8e.D\xaa\x91S\x80\x0f\x03K\xa2\x0b\
Q\xf58\x00\xa8\x17\xf6\x04\xce\x00fG\x17\x22\xd5\xd0\
M\xc0\xe1\xc0=\xd1\x85\xa8Z\xfc\x09@E\x1a\x03\x1c\
O\xbah\xc9\xe6/\x15cW\xe0Z\xe0u\xd1\x85\xa8\
Z\xbc\x0b@E\xd9\x84t_\xff;q\xd0\x94\x8a6\
\x11x\x0b\xb0\x924pK#r\x00P\x11\xf6\x03~\
\x0bl\x1f]\x88\xd4 }\xc0+\x81\xedH\xb7\xd7\xae\
\x8c-Ge\xe773\xe5\xa9\x0f\xf8\xbf\xc0\xa5\xf8@\
\x13)\xca\x9b\x81\xdf\x03\x1bF\x17\xa2r\xf3\x22@\xe5\
e\x0a\xe9If\xaf\x8f.D\x12\x00s\x80\xd7\x00\x7f\
\x8f.D\xe5\xe4\x00\xa0<l\x06\x9c\x03\xec\x16]\x88\
\xa4\xe7x\x1c8\x18\xb8*\xba\x10\x95\x8f?\x01(\xab\
\xfd\x80\x1b\xb0\xf9Ke\xb4>p1\xe9L\x80\xf4\x1c\
\x0e\x00\xca\xe2]\xc0%\xc0\x8c\xe8B$\xb54\x058\
\x178,\xba\x10\x95\x8bw\x01\xa8[\xc7\x90\xf6\xf3\xf7\
5$\x95\xdfh\xd2fAs\x81\x9bcKQY\xf8\
\xe1\xadN\x8d!m\xe9\xfbi\xbc\x86D\xaa\x92Q\xc0\
!\xc0\xfd\xa4\xdd\x03\xd5p\x0e\x00\xea\xc4D\xe0\x97\xc0\
[\xa3\x0b\x91\xd4\x95g\x86\x809\xc0_\x83kQ0\
\x07\x00\xb5\xeb\x99\xdf\x11\xbd\x98H\xaa\xb6>\xe0P\xe0\
.\xe0\xd6\xe0Z\x14\xc8S\xb8j\xc74\xe07\xa4\x87\
\xfaH\xaa\x87\x15\xc0\x1b\x81\xf3\xa2\x0bQ\x0c\x07\x00\x8d\
d#\xd2\x95\xfe;D\x17\x22)wK\x81W\x01\x97\
G\x17\xa2\xdes\x00\xd0pf\x92\xb6\x14\xb5\xf9K\xf5\
\xf5\x14\xb0/^\x13\xd08\x0e\x00je\x03R\xf3\xdf\
1\xba\x10I\x85\x9b\x07\xec\x05<\x10]\x88z\xc7\x8d\
\x804\x14\x9b\xbf\xd4,\x9b\x90\xae\x05\x98\x12]\x88z\
\xc7\x01@\x03\xad\x0b\x5c\x84\xcd_j\x9a]H\x0f\xf4\
\xb2/4\x84\xb7\x01jm\x13\xf1j\x7f\xa9\xc9\xb6\x03\
\xc6\x92\xce\x00\xaa\xe6\x1c\x00\xf4\x8c\xb1\xc0/\x80\x03\xa3\
\x0b\x91\x14j\x1f\xdc#\xa0\x11\xbc\x08P\x90^\x07\xa7\
\x01\xef\x8c.DR),\x02^\x02\xdc\x16]\x88\x8a\
\xe3o=\x028\x0e\x9b\xbf\xa4gM\x06\xce&]\x13\
\xa4\x9a\xf2'\x00\xbd\x058\x09\xcf\x06Iz\xae\xe9\xc0\
V\xa4\x9f\x06UC\x0e\x00\xcd\xb6/\xe9\xe1>c\xa2\
\x0b\x91TJ;\x00\x0f\x027D\x17\xa2\xfc\xf9\xad\xaf\
\xb9\xb6\x00\xae\x05f\x04\xd7!\xa9\xdc\x16\x01/\x02\xfe\
\x16]\x88\xf2\xe55\x00\xcd4\x85\xb4\xe9\x87\xcd_\xd2\
H&\x03?\x01\xc6E\x17\xa2|\xf9\x13@\xf3\xf4\x01\
?\x03\xf6\x8b.DRelD\xea\x17\xee\x0fP#\
\xfe\x04\xd0<\x9f\x01>\x17]\x84\xa4\xcaYI\xda$\
\xec\xfa\xe8B\x94\x0f\x07\x80f\xd9\x9f\xf4h_\xcf\xfc\
H\xea\xc6_\x81\xdd\x81\xe5\xd1\x85(;\x1bAs\xcc\
\x225\x7f\xef\xeb\x95\xd4\xad\x0d\x81\xd5\xc0\x1f\x83\xebP\
\x0e<\x03\xd0\x0cc\x80KI\xb7\xfdIR\x16\xcb\x81\
m\x81\xb9\xc1u(#\xcf\x004\xc3\xf1\xb8\xd3\x9f\xa4\
|\x8c\x06\xa6\x02\xe7F\x17\xa2l<\x03P\x7f{\x01\
\x97\xe3\xb0')?\xab\x80\x9d\x80;\xa2\x0bQ\xf7l\
\x0a\xf56\x09\xb8\x08\xd8 \xba\x10I\xb52\x0a\x98\x09\
\x9c\x15]\x88\xba\xe7F@\xf5\xf6U`\x9b\xe8\x22$\
\xd5\xd2\xe1\xc0n\xd1E\xa8{\xfe\x04P_\x07\x00\xbf\
\xc55n\xaa\xd5\xc0#\xc0C\xa4\xbd\xdc\x1f\x06\xe6\x01\
O\x02\x8bI\xa7p\x17\xf4\xffg\x9f\xe8\xffs!\xe9\
^\xef1\xc0:\xa4\x9d\xdf&\x03\x13\x80\x89\xa43J\
3\x80\xcd\xfb\xb3i\x7f\xc6\x17\xfe\xb7QY]\x08\xfc\
Kt\x11\xea\x8e\xcd\xa1\x9e\xa6\x92\xee\xd7\xdd,\xba\x10\
\x15j\x05p+p\xe7Z\x99Cj\xf8\x8f\x90\x9a|\
/\xcc\x22\xbd\xd6v$\xed\x19\xff\x22`\x17\xd2\xd0\xa0\
\xfa{\x19pEt\x11\xea\x9c\x03@=\x9d\x06\x1c\x19\
]\x84rw\x0fp\x19p\x0di7\xb6\xbfR\xde\x0d\
Y\xc6\x00\xdb\x93\x86\x81=\x81\x83p \xad\xab\xcbp\
k\xf1Jr\x00\xa8\x9f\xc3\x80\xb3\xa3\x8bP.\xe6\x93\
.\xe2\xbc\x90\xb4\xf1\xca\xbc\xd0j\xb2\xdb\x85t\xba\xf8\
\xb5\xa4\xa1\xc0\x8b\x90\xebc_\xd2\xddF\x92\x82L%\
\x9d\xfa]c*\x9b\x07\x81o\x92N\xab\xd6\xb9AN\
'\xedM\xf1;\xd2\xf5\x0a\xd1\xc7\xddd\xcb\xaf\x90\x14\
\xeaD\xe2?\x08L\xe7Y\x02\x9c\x0a\xbc\x82z7\xfd\
V\xb6\x02\xbeL\xba`1z-LwY\x05l=\
pa%\xf5\xc6\x8e\xa4\x8b\xc2\xa2?\x08L\xfb\xb9\x07\
\xf8\x18\xb0\xfe\x10\xeb\xd9DcI?a]D\xfc\xda\
\x98\xce\xf3\xed\xc1K*\xa9\x17~O\xfc\x07\x80i/\
\xb7\x90.\xd2\x1c3\xe4J\x0a`g\xe0L\xfcy\xa0\
JYD\xfaiGR\x0f\xbd\x89\xf87\xbf\x199w\
\x03G\xe0\xc5\xb7\x9d\xd8\x13\xb8\x98\xf8\xb53\xed\xe5\xdf\
\x87^FIE\x98\x04\xdcG\xfc\x1b\xdf\xb4\xce\x13\xc0\
\xbf\x926\xd6Qw\xf6&\xddn\x16\xbd\x96f\xf8\xcc\
\xc3\xd7\xb9\xd43\xc7\x13\xff\xa67\xads&\xb0Q\xcb\
\xd5S'\xfa\x80\xf7\x00\xff$~]M\xeb\xb8\x07\x89\
\xd4\x03\xb3IW\x90G\xbf\xe1\xcd\xe0<\x0a\x1c\xdaz\
\xe9\x94\xc1\x0c\xd2]\x13^\x1fP\xce\x5c\xd9r\xe5$\
\xe5\xe6\x0c\xe2\xdf\xecfp.\x056\x19f\xdd\x94\x8f\
}\x81\xdb\x89_o38\xdb\x0e\xb3n\x922\xda\x9e\
t\xefm\xf4\x1b\xdd<\x9b\xd5\xc0\x17\xf0)\x9b\xbd4\
\x01\xf8\x0e\xf1ko\x9e\x9b\xcf\x0f\xb7h\x92\xb29\x8b\
\xf87\xb9y6K\x80w\x0c\xbbb*\xd2a\xa4\x8b\
-\xa3_\x07&e.\x0e\xc2R!v\xc2o\xffe\
\xca\x13\xa4\xab\xd4\x15\xeby\xc0\xd5\xc4\xbf\x1eL\xca\xfe\
\xc3/\x97\xa25q\xdb\xd1:\xf8!\xb0]t\x11\x02\
\xd2\xc5~\x07\x00\xd7F\x17\x22\x9e\x02N\x07\xd6\x05^\
\x12\x5c\x8b\x92s\xa2\x0b\x90\xea\xe4\xc5x\xf5sY\xb2\
\x10\xd8u\xf8\xe5R\x90\x0f\xe3\xfb$:O\x03SF\
Z(\xc5\xf1\x0c@\xf5\xfc7\xf0\xfc\xe8\x22\xc4*\xd2\
\xae~\x97E\x17\xa2!\xfd\x85\xb4)\xcd\xebp\xe7\xc5\
(\xe3\x80\xbb\x80\x9b\xa3\x0b\x91\xea`O\xe2\xa7z\x93\
r\xf4\x08k\xa5rx\x1f\x9e\x09\x88\xcc\xf9#/\x91\
\xa4vx\xe5\x7f9r\xf2H\x0b\xa5R9\x9a\xf8\xd7\
LS\xb3\x98\xb4]\xb9\xa4\x0c6\xc7\xc7\xfd\x96!\x17\
\xe0OgU\xf45\xe2_;M\xcd\xc1m\xac\x8f\x02\
x\x9ffu|\x18\x1f\x1f\x1b\xed\x01\xe0\x9d\xa4\xdf\xff\
U-\x9f\x04\xce\x8b.\xa2\xa1\x1c\x00J\xca\x8bc\xaa\
a2\xa9\xf9L\x8b.\xa4\xc1V\x00\xfb\x01\x7f\x8e.\
D][\x97\xb4~\xdbG\x17\xd20\x0f\x02\x9b\x92\xce\
\x06\xa8D<\x03P\x0dGb\xf3\x8f\xf6\xff\xb0\xf9W\
\xdd\x02\xe0M\xa4\xdf\xa5\xd5;\x1b\x03\xbbE\x17\xa1\xc1\
\xfc-\xb3\xfc\xfa\x80\xd3\x80\x0d\xa2\x0bi\xb0\x8b\x81\x0f\
\xe17\x98:x\x0cx\x048$\xba\x90\x86y\x08\xf8\
ct\x11R\xd5\xbc\x9a\xf8\x8bx\x9a\x9c\x07\x81\x99#\
\xae\x92\xaa\xe6l\xe2_[M\xcau\xed-\x8b\xa4\xb5\
\x9dC\xfc\x9b\xb7\xc99h\xe4%R\x05\xcd\x02\xe6\x13\
\xff\xfajJV\x03\xd3\xdbZ\x19\xf5\x8c\xd7\x00\x94\xdb\
tl@\x91\xfe\x17\xb80\xba\x08\x15\xe2a\xe0\xe3\xd1\
E4H\x1fi#3\x95\x88\x03@\xb9\x1dA\xdaN\
S\xbd\xf7O\xe0c\xd1E\xa8P\xa7\x02WF\x17\xd1\
 /\x8d.@\xcf\xe5\x00Pno\x8f.\xa0\xc1\x8e\
&=\xe9O\xf5\xb5\x068\x86tzZ\xc5s\x00\x90\
\xda\xb4\x05\xeea\x1e\x15\xf7/o\x96\x9f\x13\xff\x9ak\
B\x16\x01c\xdb\x5c\x13\xf5\x80g\x00\xca\xebm\xb8Q\
S\x84E\xc0G\xa2\x8bPO}\x0e\xcf\x02\xf4\xc2$\
`\x97\xe8\x22\xf4,\x07\x80\xf2\xf2\xf4\x7f\x8c\xcf\x01\xf7\
F\x17\xa1\x9e\xba\x9dt\x16@\xc5\xf3g\x80\x12q\x00\
(\xa7\x17\xe2v\xa5\x11\xe6\x00'E\x17\xa1\x10_\x8b\
.\xa0!\x1c\x00J\xc4\x01\xa0\x9c\x0e\x8d.\xa0\xa1>\
\x05,\x8b.B!n\x00.\x8b.\xa2\x01\xf6\x88.\
@\xcfr\x00(\xa7WG\x17\xd0@W\x02\xbf\x88.\
B\xa1\xbe\x15]@\x03<\x8ft-\x80J\xc0\x8b\xcc\
\xcag\x1ai\xbfr\x9f\xd3\xd0;kH\x9b\x94\xfc%\
\xba\x10\x85\x1a\x07\xcc\x03fD\x17Rs\xbb\x017F\
\x17!\xcf\x00\x94\xd1\xab\xb1\xf9\xf7\xda\x19\xd8\xfc\x05\xcb\
\x81\x9fE\x17\xd1\x00\xdbE\x17\xa0\xc4\x01\xa0|<\xfd\
\xdf[\xcb\x80OG\x17\xa1\xd2\xf8it\x01\x0d\xe0\x05\
\xce%\xe1\x00P.}\xc0\xab\xa2\x8bh\x98S\x80\xfb\
\xa3\x8bPi\x5cMzt\xad\x8a\xe3\x19\x80\x92p\x00\
(\x97\x9d\x81\x8d\xa3\x8bh\x90\xe5\xc0\x09\xd1E\xa8T\
V\x03\xe7F\x17Qs/\x88.@\x89\x03@\xb9\x1c\
\x18]@\xc3\xfc\x08\xbf\xfdk0\x9f\x00Y\xac\xe7\x03\
c\xa2\x8b\x90\x03@\xd9x\x8fl\xef,\x07\xbe\x1c]\
\x84J\xe9O\xc0\xca\xe8\x22jl\x1c0;\xba\x089\
\x00\x94\xcd\x8b\xa2\x0bh\x90S\x81\xfb\xa2\x8bP)=\
\x05\x5c\x1f]D\xcdm\x1a]\x80\x1c\x00\xcad}`\
\xcb\xe8\x22\x1ab\x05\xfe\xf6\xaf\xe1]\x15]@\xcd\xcd\
\x8a.@\x0e\x00e\xb2\x1bn\xcc\xd4+g\xe0\x03\x7f\
4\xbck\xa3\x0b\xa8\xb9\x0d\xa3\x0b\x90\x03@\x99x\xfa\
\xbfw\xfe+\xba\x00\x95\xdeu\xd1\x05\xd4\x9cg\x00J\
\xc0\x01\xa0<^\x1c]@C\xfc\x1e\xb89\xba\x08\x95\
\xde\xbd\xa4\x9f\x8aT\x0c\xcf\x00\x94\x80\x03@yx\x06\
\xa07N\x8c.@\x95\xb0\x12o\x11-\x92g\x00J\
\xc0\x01\xa0\x1c\xd6\x01\xb6\x88.\xa2\x01\xee\x06\xce\x8f.\
B\x951'\xba\x80\x1as\x00(\x01\x07\x80r\xd8\x1a\
/\x00\xec\x85\x93H;\xbdI\xedp\x00(\x8e\x03@\
\x098\x00\x94\xc3\xd6\xd1\x054\xc0S\xa4{\xff\xa5v\
9\x00\x14gzt\x01r\x00(\x0b\x07\x80\xe2\x9d\x02\
,\x8c.B\x95\xe2\xad\xa2\xc5\x19\x83\xdb\x01\x87s\x00\
(\x87-\xa2\x0bh\x80\xff\x8e.@\x95\xf3dt\x01\
57>\xba\x80\xa6s\x00(\x07\x9f\x00X\xac+\x81\
\xdb\xa3\x8bP\xe5,\x8a.\xa0\xe6&D\x17\xd0t\x0e\
\x00\xe5\xb0Qt\x015\xf7?\xd1\x05\xa8\x92\x1c\x00\x8a\
\xe5\x00\x10\xcc\x01\xa0\x1c\x1c\x00\x8a\xb3\x1083\xba\x08\
U\x92\x03@\xb1\x1c\x00\x829\x00\x94\x83W\xc4\x16\xe7\
\xa7\xf8A\xae\xee\xf8\xba)\x96\xd7\x00\x04s\x00\x887\
\x11\xdf\x08E:%\xba\x00U\x96\x03@\xb1&F\x17\
\xd0t\x0e\x00\xf1\xd6\x8b.\xa0\xc6n\x05\xae\x89.B\
\xd2\x90\xfc\x09 \x98\x03@<\x07\x80\xe2x\xf1\x9f\xb2\
\xf0\x1bj\xb1\xd6D\x17\xd0t\x0e\x00\xf1\x9c\x82\x8b\xb1\
\x1a/\xfeS6\x0e\x00\xc5Z\x16]@\xd39\x00\xc4\
\x1b\x1b]@M\xfd\x01x0\xba\x08U\xda\xa4\xe8\x02\
j\xce\x01 \x98\x03@<\x07\x80b\xfc<\xba\x00U\
\x9eg\x00\x8a\xe5\x00\x10\xcc\x01 \xde\xe8\xe8\x02jh\
\x05pvt\x11\xaa<\x7f\x9e+\xd6\xf2\xe8\x02\x9a\xce\
\x01 \xde\xd2\xe8\x02j\xe8\x12`~t\x11\xaa\xbc\xc9\
\xd1\x05\xd4\x9c\x03@0\x07\x80x\x8b\xa3\x0b\xa8\xa1\x9f\
E\x17\xa0Zp\x87\xceb\xf9\xe5'\x98\x03@<\x07\
\x80|-\x05\xce\x8d.B\xb5\xb0it\x015\xb6\x12\
\x9f\xb6\x18\xce\x01 \x9eo\x82|]\x00,\x88.B\
\xb5\xb0It\x015\xf68\xee\x03\x10\xce\x01 \xde\x93\
\xc0\x13\xd1E\xd4\xc8Y\xd1\x05\xa86\xb6\x89.\xa0\xc6\
\x1e\x8b.@\x0e\x00e17\xba\x80\x9aX\x06\x5c\x18\
]\x84jc\xc7\xe8\x02j\xcc\x01\xa0\x04\x1c\x00\xcaa\
Nt\x015q)\x9e\xfeW>\xa6\x03\x1bF\x17Q\
c\xde\xa5S\x02\x0e\x00\xe5pct\x015qNt\
\x01\xaa\x8d=\xa3\x0b\xa89\xcf\x00\x94\x80\x03@9\x5c\
\x1e]@\x0d\xac\xc4\xab\xff\x95\x9f}\xa3\x0b\xa8\xb9\x7f\
D\x17 \x07\x80\xb2\xb8\x16\xb7\xc5\xcc\xea7\xc0\xa3\xd1\
E\xa86\x1c\x00\x8auOt\x01r\x00(\x8b%\xc0\
\x9f\xa3\x8b\xa8\xb8S\xa3\x0bPm\xcc\x04v\x8f.\xa2\
\xe6\x1c\x00J\xc0\x01\xa0<~\x1a]@\x85\xcd'\xdd\
\xff/\xe5\xe10|FG\xd1\xee\x8e.@\x0e\x00e\
r&\xfe\x0c\xd0\xad\x1f\xe1\xbe\xe2\xca\xcfa\xd1\x05\xd4\
\xdc\xe3\xb8\xf7I)8\x00\x94\xc7\x93\xc0y\xd1ET\
\xd0\x0a\xe0\xa4\xe8\x22T\x1b\x9b\x03\x07D\x17Qs\x9e\
\xfe/\x09\x07\x80r\xf9Zt\x01\x15t&\xf0@t\
\x11\xaa\x8d\x0f\xe0\xe9\xff\xa2\xdd\x19]\x80\x12\x07\x80r\
\xb9\x06\xb8(\xba\x88\x8a\xf9zt\x01\xaa\x8d\xf1\xc0\xfb\
\xa3\x8bh\x80\xeb\xa3\x0bP\xe2\x00P>\xc7E\x17P\
!\x17\xe0&J\xca\xcf\xfbHw\x00\xa8X\x0e\x00\xd2\
0~BzR\x96i\x9dU\xc0\xce\xdd\x1e`i\x80\
\x09\xa4\xcdi\xa2_\xd7u\xcfJ`r\x9bk\xa2\x82\
y\x06\xa0\x9c\x8e\xc6MmF\xf2\x13\xe0\xaf\xd1E\xa8\
6>\x80\x8f\xff\xed\x85\xbf\x01\x8b\xa2\x8b\x90\xca\xee\x08\
\xe2\xa7\xf5\xb2f\x09\xb0e\xf7\x87Vz\x8e\xf5I{\
\xd3G\xbf\xae\x9b\x90\x1f\xb7\xb9&\xea\x01\xcf\x00\x94\xd7\
Y\xc0\xe9\xd1E\x94\xd4\x17\x80{\xa3\x8bPm|\x11\
\x98\x11]DC\xb8\xe3\xa9\xd4\xa6\x09\xc0U\xc4O\xed\
e\xca-\xc0\xb8,\x07UZ\xcbn\xa4\xdf\xa5\xa3_\
\xd7M\xc9\xd6\xed-\x8b$\x80Y\xc0\xfd\xc4\xbfq\xcb\
\x90U\xf8\x98V\xe5\xa7\x0f\x07\xec^\xe6\xde\xf6\x96E\
\xbd\xe2O\x00\xe5\xf70p0n\x9d\x09\xf0%\xe0\xea\
\xe8\x22T\x1b\xef\x06\xf6\x8a.\xa2A.\x89.@\xaa\
\xaa\x17\xd2\xec\x0b\x95\xfe\x84;\xb4)?\xd3\x80G\x88\
\x7f]7)ojke$\x0di'\x9a\xf9\xa1\xf5\
\x18\xde\xa2\xa5|\x9dN\xfc\xeb\xbaIY\x05Lok\
e$\xb5\xb4=\xe9g\x81\xe87t\xaf\xb2\x04\xd8'\
\x97#'%\x87\x13\xff\xbanZ.kke$\x8d\
h;\x9a1\x04\xac\x22}XKy\x99I3\xcf\xa2\
E\xe7\xff\xb4\xb38\x92\xda\xb3+\xe9\xb9\xda\xd1o\xec\
\x22stnGKJW\xfd\x9fO\xfc\xeb\xbaiY\
\x09l\xd8\xc6\xfaH\xea\xc0\xee\xa4\xbb\x03\xa2\xdf\xe0y\
g5\xf0\xe1\x1c\x8f\x93\x04p\x14\xf1\xaf\xed&\xe6w\
\xed,\x8e\xa4\xcem\x0f\xdcC\xfc\x9b<\xaf\xac\xc2G\
\xb2*\x7f;\x01O\x13\xff\xfanb|?K\x05\xda\
\x00\xb8\x92\xf87z\xd6<\x05\x1c\x92\xf3\xb1\x91\xa6\x01\
w\x13\xff\xfanb\x96\x91\x9e\xb5 \xa9@\x13\x80\x1f\
\x11\xff\x86\xef6w\x92.n\x94\xf24\x06\xb8\x88\xf8\
\xd7wS\xf3\xbf#/\x91\xa4\xbc\xbc\x81\xea]\xe5|\
\x0a\xb0^\x11\x07C\x8dw2\xf1\xaf\xef&\xc7\xad\xbb\
\xa5\x1e\x9b\x09\x9cM\xfc\x9b\x7f\xa4\xfc\x03\xf8\x97\x82\x8e\
\x81\xf4\x1f\xc4\xbf\xc6\x9b\x9ckG^\x22IEy\x15\
\xe9M\x18\xfdA00O\x03\x9f\x07\xd6-\xee\xaf\xae\
\x86;\x9at7I\xf4k\xbd\xc9y\xd7\x88\xab$\xa9\
P}\xa4\xcdtn'\xfe\x03a\x11\xf0\x1d\xd2\x13\x0e\
\xa5\xa2|\x08\x9b\x7ft\x1e#]\x97$\xa9\x04\xfa\x80\
\xfdI\x17\xe5,\xa1\xb7\x1f\x06\xf7\x02\x9f\xc0\xab\x81U\
\xbc\x8fa\xf3/C>;\xd2BI\x8a1\x95\xb4)\
\xca/\x81\xf9\x14\xf3\x01p7\xf0U\xe0\xa5\xf8\xd8i\
\x15\xaf\x0f\xf8\x1a\xf1\x8d\xcf\xa4\xcf\x14/\xea\xad\x80\xbe\
\xe8\x02\x14n\x14\xe9Q\xc3/\x07v\x00\xb6\xe9\xcf\x06\
\x1d\xfco<\x0c\xcc\x01\xae\x07\xae\x06\xfeL\xfa\xd6/\
\xf5\xc2h\xd2\x9d$GF\x17\x22 ]|\xf9\xc5\xe8\
\x2242\x07\x00\xb52\x95\xb4\x7f\xf7\x14\xd24?\x09\
\x98H\xda\xa9o\x01\xb0\x18x\x92\xd4\xe8\x97\x04\xd5(\
\x8d\x05\xce\x00\x8e\x88.D\x00\xfc\x13\x98\x0d,\x8c.\
D\x92T_\xe3\x80_\x11\x7f\xca\xdb<\x9bc\x87]\
1I\x922\x9a\x04\xfc\x96\xf8\x86g\x9e\xcd#\xc0\xe4\
\xe1\x16M\xe52&\xba\x00I\xea\xd0d\xe0\xd7\xc0+\
\xa2\x0b\xd1s\x9c@\xba\xd5W\x92\xa4\xdcM\x07\xae!\
\xfe\xdb\xaeyn\xe6\x91\xae\x11R\x85x\x06@RU\
l\x04\x5cLz\xb4\xaf\xca\xe5\x8bx1\xb0$\xa9\x00\
\xb3\xf1\x91\xbee\xcd}\xc0\xf8\xd6K'IRwv\
\xa3zO\xb8lR\xde\xdbz\xe9$I\xea\xce\xbe\xa4\
\xfd&\xa2\x9b\x9c\x19:7\x926b\x92$)7\x07\
\x936\x9c\x8anr\xa6u\xf6k\xb9z\x92$u\xe1\
=\xc0\x0a\xe2\x1b\x9ci\x9d\xb3Z\xae\x9e$I]8\
\x06\x9f\xe8W\xf6,\x05\xb6n\xb5\x80\x92$ub4\
\xf0\x1d\xe2\x9b\x9b\x199\x9fo\xb1\x86\x92$ud<\
\xf0s\xe2\x1b\x9b\x199\x7f\x03&\x0c\xbd\x8c\x92$\xb5\
o*\xf0'\xe2\x1b\x9b\x199\xabq\x0bfIR\x0e\
6\x06n\x22\xbe\xb1\x99\xf6\xf2\xfd\xa1\x97Q\x92\xa4\xf6\
mO\xdaE.\xba\xa9\x99\xf6\xf2 0m\xc8\x95\x94\
$\xa9M\xfb\x00\x8f\x13\xdf\xd4L{Y\x0d\xbcv\xc8\
\x95\x94$\xa9M\x87\xe2\x06?U\xcb\xb7\x86\x5cII\
\x92\xda\xf4^\xdc\xe0\xa7j\xb9\x0d\x1f\xf5+I\xca\xe0\
X\xe2\x9b\x99\xe9,K\x81]\x87ZLI\x92F2\
\x06\xf8\x1f\xe2\x9b\x99\xe9<\x1f\x1db=%I\x1a\xd1\
$\xe0<\xe2\x1b\x99\xe9<g\x03}\x83\x97T\x92\xa4\
\xe1\xad\x0f\x5cA|#3\x9d\xe7\x0e`\xdd\xc1K*\
I\xd2\xf0\xb6\x00\xee$\xbe\x91\x99\xce\xb3\x00x\xc1\xa0\
\x15\x95$i\x04\xbb\x926\x8d\x89nd\xa6\xf3\xac\x02\
^7xI%I\x1a\xde+\x81\xa7\x88od\xa6\xbb\
|l\xf0\x92J\x924\xbcw\x02\xcb\x88ob\xa6\xbb\
|o\xf0\x92J\x924\xbccH\xdb\xc5F71\xd3\
]\xce\x03F\x0fZUI\x92Z\x18MzB\x5ct\
\x033\xdd\xe7*\xdc\xe9O\x92\xd4\x81\xc9\xc0\xaf\x89o\
`\xa6\xfb\xdc\x04L\x1f\xb8\xb0\x92$\xb52\x1d\xb8\x92\
\xf8\x06f\xba\xcf\xcd\xc0\x8c\x81\x0b+IR+[\x01\
w\x11\xdf\xc0L\xf7\xb9\x03\x985pa%Ije\
/\xe01\xe2\x1b\x98\xe9>\xb7\x02\x1b\x0e\x5cXI\x92\
Zy=\xb0\x88\xf8\x06f\xba\xcf5x\xda_\x92\xd4\
\x81\x8f\x90v\x89\x8bn`\xa6\xfb\x5c\x02L\x19\xb8\xb0\
\x92$\x0d\xa5\x0f\xf8\x0a\xf1\xcd\xcbd\xcb\xa9\xa4\xc72\
K\x924\xa21\xc0)\xc47/\x93-'\xe1c}\
%Im\x1a\x0f\xfc\x82\xf8\xe6e\xb2\xe5\xeb\xd8\xfc%\
Im\x9a\x0a\x5cF|\xf32\xd9\xf2\x9f\x03\x17V\x92\
\xa4Vf\x017\x12\xdf\xbcL\xb6\x9c0pa%I\
jeK\xdc\xe0\xa7\x0e\xf9\xec\xc0\x85\x95$\xa9\x95\x1d\
\x81y\xc47/\x93-\xff1pa%Ije?\
\xe0I\xe2\x9b\x97\xe9>\xab\x81\x8f\x0e\x5cXI\x92Z\
9\x04XL|\x033\xd9\x9a\xff\xd1\x03\x17V\x92\xa4\
V\xde\x0d\xac$\xbe\x81\x99\xee\xb3\x0a8\x0aI\x92\xda\
t\x14n\xed[\xf5\xac\x04\xde3pa%Ij\xe5\
\x83\xa4\xd3\xc6\xd1\x0d\xcct\x9fe\xc0\xe1\x03\x17V\x92\
\xa4V>I|\xf32\xd9\xb2\x94\xf4dFI\x92\xda\
r,\xf1\xcd\xcbd\xcb\xd3\xc0\x01\x03\x17V\x92\xa4V\
\x8e'\xbey\x99ly\x02x\xe9\xc0\x85\x95$i(\
}\xc07\x88o^&[\xe6\x03\xbb#IR\x1b\xfa\
H\x8f\x82\x8dn^&[\x1e\x02vB\x92\xa46\x8c\
\x02N!\xbey\x99l\xb9\x17\xd8\x0aI\x92\xda\xd0\x07\
|\x8f\xf8\xe6e\xb2\xe5N`3$Ij\xd3W\x88\
o^&[n\x036\x1e\xb8\xb0\x92$\xb5\xf2Y\xe2\
\x9b\x97\xc9\x96\xeb\x80\xe9\x03\x17V\x92\xa4V>J|\
\xf32\xd9\xf2G`]$Ij\xd3\xbbq{\xdf\xaa\
\xe7|`\x22\x92$\xb5\xe9\x8d\xf8T\xbf\xaa\xe7\x0c`\
\xec\xc0\x85\x95$\xa9\x95C\x80\xe5\xc470\xd3}\xbe\
K\xbamS\x92\xa4\xb6\xbc\x92\xf4`\x98\xe8\x06f\xba\
\xcf\xf1\x83VU\x92\xa4alO\xda\x1b>\xba\x81\x99\
\xee\xb2\x1a\xf8\xf8\xa0U\x95$i\x18\x1b\x01\xf7\x11\xdf\
\xc4LwY\x09\xbco\xd0\xaaJ\x924\x8cu\x80\x1b\
\x88ob\xa6\xbb,\x03\x0e\x1f\xb4\xaa\x92$\x0dc4\
p\x01\xf1M\xcct\x97\x85\xa4\xeb6$I\xea\xc8\x09\
\xc471\xd3]\x1e\x07\xf6\x1a\xbc\xa4\x92$\x0d\xef\x0d\
\xb8\xd1OU\xf3\x10\xb0\xf3\xe0%\x95$ix;\x03\
O\x13\xdf\xc8L\xe7\x99\x03l=xI%I\x1a\xde\
T\xe0\x1e\xe2\x1b\x99\xe9<7\x03\xb3\x06/\xa9$I\
#\xfb)\xf1\x8d\xcct\x9e\xbf\xe0\x13\xfd$I]\xfa\
 \xf1\x8d\xcct\x9eKI\xb7kJ\x92\xd4\xb1\x1d\x80\
\xc5\xc473\xd3Y\xce\x01&\x0c\xb1\x9e\x92$\x8dh\
\x22p;\xf1\xcd\xcct\x96\x93I{5H\x92\xd4\x95\
\xaf\x11\xdf\xccLg9\x11\xe8\x1bj1%Ij\xc7\
KH{\xc5G74\xd3~N\x18r%%Ij\
\xd3x\xe0V\xe2\x1b\x9ai/+\x81\xa3\x86\x5cII\
\x92:\xf0e\xe2\x9b\x9ai/\xcb\x807\x0f\xbd\x8c\x92\
$\xb5o{`9\xf1\x8d\xcd\x8c\x9cE\xc0AC/\
\xa3$I\x9d\xb9\x88\xf8\xc6fF\xce\x13\xc0>-\xd6\
P\x92\xa4\x8e\x1cA|c3#\xe7a`\xd7\x16k\
(IRG&\x02\xf7\x12\xdf\xdc\xcc\xf0\x99\x0bl3\
\xf4\x12J\xd54*\xba\x00\xa9\xe1>\x01l\x11]\x84\
\x86u;\xb07pWt!\x92\xa4z\x98J\xfaM\
9\xfa\xdb\xadi\x9d\xeb\x80\x0dZ-\xa0Te\x9e\x01\
\x90\xe2|\x924\x04\xa8\x9c\xfe\x04\xbc\x02x,\xba\x10\
IR}\xcc\x00\x16\x10\xff\x0d\xd7\x0c\x9d_\x93\xae\xcf\
\x90$)W\xdf \xbe\xc9\x99\xa1s\x1a0\xa6\xf5\xd2\
I\x92\xd4\x9di\xc0\xd3\xc47:38\xdf\xc6\x9fF\
%I\x05\xf9\x14\xf1\x8d\xce\x0c\xce\xf1\xc3-\x9a$I\
Y\x8c\x05\x1e \xbe\xd9\x99\xe7\xe63\xc3-\x9a$I\
Y\xbd\x9d\xf8fg\x9e\xcdj\xe0_\x87]1I\x92\
r\xf0\x17\xe2\x9b\x9eIY\x05\xbc\x7f\xf8\xe5\x92$)\
\xbb\x1d\x89oz&e%\xf0\xae\xe1\x97K\xaa7o\
u\x91z\xe7\xdd\xd1\x05\x08H\x8f]~\x1b\xf0\xcb\xe8\
B$I\xf57\x1ax\x90\xf8o\xbeM\xcfR\xe0\xd0\
\x11\xd6J\x92\xa4\xdc\x1cD|\xf3kz\x16\x01\x07\x8e\
\xb4PRS\xf8\x13\x80\xd4\x1bGF\x17\xd0pO\x01\
\xaf\x05\xae\x8c.D\x92\xd4\x1c3H\xa7\x9e\xa3\xbf\x01\
75\x8f\x03/\x1eq\x95\xa4\x86q\xcbK\xa9x\xef\
\x01\xc6G\x17\xd1PO\x00\xaf&=\xd6W\x92\xa4\x9e\
\xe9\x03\xee\x22\xfe[p\x13\xe37\x7fIR\x98W\x13\
\xdf\x08\x9b\x98G\x81\x9d\xdbX\x1f\xa9\xb1\xbc\x08P*\
\xd6\x07\xa2\x0bh\xa0\xf9\xc0+\x80[\xa3\x0b\x91$5\
\xd34`\x19\xf1\xdf\x86\x9b\x94%\xc0>\xed,\x8e\xd4\
t^\x04(\x15\xe7p`\x5ct\x11\x0d\xb2\x86\xb4\xb7\
\xff\x15\xd1\x85H\x92\x9a\xedR\xe2\xbf\x117)\x1fo\
oY$I*\xce,\xd2\x03g\xa2\x9bbSrz\
{\xcb\x22\xe9\x19\xfe\x04 \x15\xe3\x08\xd2\xfe\xff*\xde\
\x0d\xc0Q\xd1EHU\xe3\x00 \x15\xe3\xf5\xd1\x054\
\xc4\xe3\xa4k-\x96D\x17\x22I\xd2\x14\xdc\xfa\xb7\x17\
Y\x05\xbc\xa6\xcd5\x914\x80g\x00\xa4\xfc\x1d\x88[\
\xff\xf6\xc2q\xc0E\xd1EH\x92\xf4\x8c\x93\x89\xffv\
\x5c\xf7\xfc\x11\xaf\xb1\x902\xe9\x8b.@\xaa\xa1\xfb\x80\
\xcd\xa3\x8b\xa8\xb1G\x81\x17\x02\x0fF\x17\x22U\x99?\
\x01H\xf9\xda\x01\x9b\x7f\x91\xd6\x00Gb\xf3\x972s\
\x00\x90\xf2\xf5\xb2\xe8\x02j\xee\x9b\xc0\xc5\xd1EHu\
\xe0\x00 \xe5k\xef\xe8\x02j\xec6\xe0\xd3\xd1EH\
u\xe1\x00 \xe5\xcb\x07\xd1\x14c\x19\xf06\xd2\xed\x95\
\x92$\x95\xca\xc6\xc4_\x1d_\xd7\x1c\xdd\xc1:Hj\
\x83g\x00\xa4\xfcx\xfa\xbf\x18\x97\x00\xdf\x8a.B\xaa\
\x1b\x07\x00)?\xbbG\x17PC\x8f\x03\xef\x22\x9d\x05\
\x90\x94#\x07\x00)?;G\x17PC\xdf\x03\x1e\x8a\
.B\xaa#7\x02\x92\xf2\xf3 \xb0Qt\x115\xb2\
\x0a\xd8\x8a\xb4\xb1\x92\xa4\x9cy\x06@\xca\xc7\x0cl\xfe\
y;\x17\x9b\xbfT\x18\x07\x00)\x1f\x9e\xfe\xcf\xdfw\
\xa2\x0b\x90\xea\xcc\x01@\xca\x87\x03@\xbe\xee\x00\xfe\x10\
]\x84Tg\x0e\x00R>\xb6\x89.\xa0f\xbe\x8bW\
\xfeK\x85r\x00\x90\xf2\xb1Et\x015\xb2\x00\xf8q\
t\x11R\xdd9\x00H\xf9\xd82\xba\x80\x1a\xf9\x01i\
\x08\x90T o\x03\x94\xb2\xeb\x03\x9e\x06&E\x17R\
\x03+\x80\xad\x81\xfb\xa3\x0b\x91\xea\xce3\x00Rv3\
\xb1\xf9\xe7\xe5\x0cl\xfeRO8\x00H\xd9y\xfa?\
\x1fK\x80\xcfF\x17!5\x85\x03\x80\x94\xdd\xa6\xd1\x05\
\xd4\xc4W\xf1\xdb\xbf\xd43\x0e\x00Rv\x1bD\x17P\
\x13\xe7D\x17 5\x89\x03\x80\x94\xdd\xfa\xd1\x05\xd4\xc4\
\xc2\xe8\x02\xa4&q\x00\x90\xb2\x9b\x11]@M<\x1c\
]\x80\xd4$\x0e\x00Rv\x0e\x00\xd9=F\xba\x95R\
R\x8f8\x00H\xd9M\x8f.\xa0\x06\xee\x8c.@j\
\x1a\x07\x00)\xbbi\xd1\x05\xd4\xc0M\xd1\x05HM\xe3\
\x00 e\xe7&@\xd9\xdd\x10]\x80\xd44\x0e\x00R\
v\xe3\xa2\x0b\xa8\x81\x1b\xa3\x0b\x90\x9a\xc6\x01@\xca\xce\
\x01 \x9b\xe5\xc0\x1d\xd1EHM\xe3\x00 e\xe7\x00\
\x90\xcd\x8d\xa4!@R\x0f9\x00H\xd9\x8d\x8f.\xa0\
\xe2\xfe\x14]\x80\xd4D\x0e\x00Rv\x9e\x01\xc8\xe6\xf2\
\xe8\x02\xa4&\xea\x8b.@\xaa\x81\x05\xc0:\xd1ET\
\xd4j\xd2>\x0aOF\x17\x225\x8dg\x00\xa4\xec\xfc\
\xfd\xba{7c\xf3\x97B8\x00H\xd9-\x8b.\xa0\
\xc2.\x8b.@j*\x07\x00);\x07\x80\xee9\x00\
HA\x1c\x00\xa4\xec\xfc\x09\xa0;k\x80+\xa2\x8b\x90\
\x9a\xca\x01@\xcanqt\x01\x15u\x07\xf0ht\x11\
RS9\x00H\xd9=\x16]@Ey\xff\xbf\x14\xc8\
\x01@\xca\xee\xe1\xe8\x02*\xca\xfb\xff\xa5@\x0e\x00R\
v\x8fD\x17PQ^\x00(\x05r\x00\x90\xb2s\x00\
\xe8\xdc\xdd\xc0\xbc\xe8\x22\xa4&s\x00\x90\xb2\xb3\x91u\
\xce\xd3\xffR0\x07\x00);\x1fe\xdb9\x07\x00)\
\x98\xcf\x02\x90\xb2\x1b\x0f<\x0d\x8c\x89.\xa4B\xb6\x01\
\xfe\x1e]\x84\xd4d\x9e\x01\x90\xb2[\x86\xcd\xac\x13\x8f\
\xe0\xf1\x92\xc29\x00H\xf9\xb8%\xba\x80\x0a\xf1\xf4\xbf\
T\x02\x0e\x00R>\xae\x8e.\xa0B~\x13]\x80$\
\xaf\x01\x90\xf2\xb2#\x9e\x05h\xc7j`c\xbcuR\
\x0a\xe7\x19\x00)\x1f\xb7\x02\x0fD\x17Q\x01\xd7`\xf3\
\x97J\xc1\x01@\xca\xcf\xef\xa2\x0b\xa8\x80_E\x17 \
)q\x00\x90\xf2snt\x01%\xb7\x0a8#\xba\x08\
I\x92\xf26\x86\xb4+\xe0\x1a3d.\xe8\xfe\xd0J\
\xca\x9bg\x00\xa4\xfc\xac\x04~\x14]D\x89\x9d\x16]\
\x80$IE\xd9\x92t\xaa;\xfa\xdbv\xd9r?0\
6\xc3q\x95\x943\xcf\x00H\xf9\xba\x17\xf8et\x11\
%\xf4u`Et\x11\x92$\x15i6i{\xe0\xe8\
o\xdde\xc9|`J\xa6#*)w\x9e\x01\x90\xf2\
7\x07\xf8At\x11%\xf2e\xd2\xc3\x92$I\xaa\xbd\
\x0d\x80\xc7\x89\xff\xf6\x1d\x9d\xbb\x80q\x19\x8f\xa5$I\
\x95\xf2F\xe2\x1bpt^\x97\xf9(J\x92TA?\
 \xbe\x09G\xe5\x179\x1c?I\x92*i\x12\xe99\
\x01\xd1\xcd\xb8\xd7y\x00\x98\x96\xc3\xf1\x93$\xa9\xb2\xb6\
 5\xc4\xe8\xa6\xdc\xab\xac\x04^\x99\xc7\x81\x93$\xa9\
\xea\x9e\x0f<D|s\xeeE>\x92\xd31\x93$\xa9\
\x16^\x08<A|\x83.2\xdf\xcc\xedhI\x92T\
#\xdb\x01w\x10\xdf\xa8\x8b\xc8\x0fqo\x11I\x92Z\
Z\x87t\x85|t\xc3\xce3\xdf\x06\xfa\xf2<H\x92\
$\xd5Q\x1f\xf0o\xc0b\xe2\x9bw\x96,\x07>\x9a\
\xf3\xb1\x91$\xa9\xf6f\x03\x7f \xbe\x91w\x93\x07\x80\
\xbd\xf3?$\x92$5\xc3(\xe0\x83\xc0\xc3\xc47\xf5\
v\xb2\x0a\xf8>\xde\xe7/IR.\xa6\x00\x9f\x01\x16\
\x10\xdf\xe4[\xe5j`\x8f\xa2\x0e\x80$IM6\x1d\
8\x16\x98K|\xc3\x7f&\x97\xe2\xe6>\x92$\xf5\xc4\
h\xe00\xe0l`\x11\xbdo\xfa\xff\x00\xfe\x13\xd8\xa9\
\xe8\xbf\xa8$I\x1a\xda$\xe0\xf5\xc0)\xc0\xdf(\xa6\
\xe1/\x03.\x03\x8e\x03\xf6\xc1{\xfa\xa5Z\xf3\xbe]\
\xa9\x9a\xa6\x03{\x92v\x17\x9cMz\xde\xc0\x16\xc0&\
\xc0\xb8a\xfe{\xcb\x81G\x81y\xc0#\xc0\xdfI\x0f\
+\xba\x05\xb8\x1dXRT\xc1\x92\xca\xc5\x01@\xaa\x9f\
>`*0\x01\x98H\xfa\xf9`9\xa9\xb9/\x0d\xac\
K\x92$I\x92$I\x92$I\x92$I\x92$I\
\x92$I\x92$I\x92$I\x92$I\x92$I\x92\
$I\x92$I\x92$I\x92$I\x92$I\x92$\
I\x92$I\x92$I\x92$I\x92$I\x92$I\
\x92$I\x92$I\x92$I\x92$I\x92$I\x92\
$I\x92$I\x92$Iu\xd6\x17]\x80\xa4\x5c\x8c\
\x066\x03\xb6\xea\xcf\xe6\xc0\x0c`\x020\x09X\xb7\xff\
?\xb3\x1cX\x04,\x00\x96\x01\xff\x04\xe6\x02\xf7\xf4g\
^\x8f\xeb\x96\x14\xc4\x01@\xaa\xa6\x8d\x80\x97\xad\x95\x17\
\x00\xe3r\xf8\xdf]\x0a\xdc\x0c\x5c\x09\x5c\xde\xff\xe7c\
9\xfc\xefJ\x92\xa4.\xed\x04|\x09\xb8\x0bX\xd3\xc3\
\xdc\x06\x1c\x0fl_\xfc_Q\x92$\x01\xcc\x02\xfe\x1d\
\xb8\x85\xde6\xfdV\xb9\x19\xf8\x14\xb0a\x91\x7fiI\
\x92\x9aj\x0b\xe0D`1\xf1M\x7f\xa8,\x03~\x0c\
l[\xd0\xdf_\x92\xa4F\xd9\x16\xf8\x09\xb0\x92\xf8&\
\xdfNV\x02?']\x83 I\x92:4\x118\x8e\
t\x11^tS\xef&\xcbIg,\xd6\xc9\xf9\xb8H\
\x92T[\x07\x03\xf7\x12\xdf\xc4\xf3\xc8<\xe0\xc8|\x0f\
\x8f$?\x1c\xack\x00\x00\x06\x0cIDATI\xf5\
2\x11\xf8!\xf1M\xbb\x88\x9c\x01L\xc9\xefPI\x92\
T\x0f/\xa0<W\xf6\x17\x95;\x81\x1d\xf3:`\x92\
$U\xdd{)\xef\xd5\xfdyg!\xf0\xd6|\x0e\x9b\
$I\xd5u,\xf1M\xb9\xd7Y\x0d\xfc[\x1e\x07O\
\x92\xa4\xaa\x19\x0d|\x8f\xf8f\x1c\x99\x132\x1fEI\
\x92*d\x1c\xe9^\xf9\xe8\x06\x5c\x86|\x05\x9fA\x22\
Ij\x80\xb1\xc0y\xc47\xde2\xe5\xb8,\x07T\x92\
\xa4\xb2\x1b\x0d\xfc\x8c\xf8\x86[\xb6\xac\x06\xde\xdd\xfda\
\x95$\xa9\xbcF\x01\xa7\x13\xdfl\xcb\x9a\xe5\xc0\x81]\
\x1f]I\x92J\xead\xe2\x9bl\xd9\xf3$\xb0C\xb7\
\x07X\x92\xa4\xb2\xf9(\xf1\xcd\xb5*\xb9\x0d\x98\xd4\xdd\
a\x96$\xa9<\xf6\x22=*7\xba\xb1V)?\xe8\
\xeaHK\x92T\x12\x1b\x92\x1e\x86\x13\xddP\xab\x98\xb7\
tq\xbc%I\x0a7\x1a\xb8\x8c\xf8FZ\xd5<\x01\
l\xda\xf1Q\x97$)\xd81\xc47\xd1\xaa\xe7g\x1d\
\x1fuI\x92\x02m\x06, \xbe\x81\xd6!\xfbwx\
\xec%I\x0as\x0e\xf1\x8d\xb3.\xb9\x8d\xb4{\xa2$\
I\xa5v\x18\xf1M\xb3n\xf9HG+ \xa9+>\
\x94C\xea\xde(\xe0f`\xc7\xe8Bjf\x1e0\x9b\
\xb4[\xa0\xa4\x82\x8c\x8a.@\xaa\xb07b\xf3/\xc2\
&\xc0;\xa2\x8b\x90$i(}\xc0M\xc4\x9f.\xaf\
k\xee\xc4/(R\xa1|\x83I\xdd9\x04\xd8%\xba\
\x88\x1a\xdb\x1684\xba\x08\xa9\xce\x1c\x00\xa4\xee|(\
\xba\x80\x06xOt\x01R\x9dy\x11\xa0\xd4\xb9\x8d\x81\
\xfbI\xbb\xff\xa98+\x80\x8d\x80\xf9\xd1\x85Hu\xe4\
\x19\x00\xa9s\xef\xc4\xe6\xdf\x0bc\x81\xc3\xa3\x8b\x90\xea\
\xca\x01@\xea\xdc\xdb\xa3\x0bh\x90\xb7F\x17 \xd5\x95\
?\x01H\x9dy\x01p{t\x11\x0d\xb2\x0a\x98\x01<\
\x19]\x88T7\x9e\x01\x90:\xf3\x8a\xe8\x02\x1af4\
\xb0wt\x11R\x1d9\x00H\x9dyyt\x01\x0d\xb4\
ot\x01R\x1d9\x00H\xed\xeb\xc3f\x14\xc1c.\
\x15\xc0k\x00\xa4\xf6mOzZ\x9dzk\x05\xb0\x0e\
\xb0,\xba\x10\xa9N<\x03 \xb5o\x87\xe8\x02\x1aj\
,\xb0et\x11R\xdd8\x00H\xed\xdb&\xba\x80\x06\
\xdb:\xba\x00\xa9n\x1c\x00\xa4\xf6=?\xba\x80\x06s\
\x00\x90r\xe6\x00 \xb5\xcf3\x00q\x1c\x00\xa4\x9c9\
\x00H\xed\xdb$\xba\x80\x06\x9b\x15]\x80T7\x0e\x00\
R\xfb\xd6\x89.\xa0\xc1&G\x17 \xd5\x8d\x03\x80\xd4\
\xbe)\xd1\x054\x98\xc7^\xca\x99\x03\x80\xd4\x9e\xf1\xa4\
\xdb\xd1\x14\xc3\x01@\xca\x99\x03\x80\xd4\x1eOA\xc7r\
\x00\x90r\xe6\x00 \xb5get\x01\x0d\xb7\x22\xba\x00\
\xa9n\x1c\x00\xa4\xf6,\x8e.\xa0\xe1<\xfeR\xce\x1c\
\x00\xa4\xf6\xac\xc4o\xa1\x91\x1c\x00\xa4\x9c9\x00H\xed\
\xb3\x09\xc5Y\x12]\x80T7\x0e\x00R\xfblBq\
\x1c\xbe\xa4\x9c9\x00H\xed[\x10]@\x83-\x8c.\
@\xaa\x1b\x07\x00\xa9}\x0fD\x17\xd0`\x1e{)g\
\x0e\x00R\xfb\xe6F\x17\xd0`\xf7E\x17 \xd5\x8d\x03\
\x80\xd4>\x9bP\x1c\x8f\xbd\x943\x07\x00\xa9}s\xa3\
\x0bh0\x07\x00)g\x0e\x00R\xfb\xee\x8d.\xa0\xa1\
\xd6\x00\xf7G\x17!\xd5\x8d\x03\x80\xd4\xbe\x9bpK\xe0\
\x08\x7f\xc3\xdb\x00\xa5\xdc9\x00H\xed{\x1a\xb8-\xba\
\x88\x06\xba:\xba\x00\xa9\x8e\x1c\x00\xa4\xce\x5c\x15]@\
\x03]\x13]\x80TG\x0e\x00Rg\xfe\x1c]@\x03\
y\x06@*@_t\x01R\xc5\xcc\x06\xee\x89.\xa2\
A\x9e\x06\xa6\xe1\xb5\x17R\xee<\x03 uf\x0e\xf0\
\xd7\xe8\x22\x1a\xe4Bl\xfeR!\x1c\x00\xa4\xce\xfd<\
\xba\x80\x06\xf9et\x01R]\xf9\x13\x80\xd4\xb9\xd9\xc0\
\xdd\xf8\xfe)\xdaR`&>\x08H*\x84g\x00\xa4\
\xce\xcd\x01\xae\x8b.\xa2\x01.\xc2\xe6/\x15\xc6\x01@\
\xea\xce\xa9\xd1\x054\xc0O\xa3\x0b\x90\xea\xccS\x98R\
w&\x90\xce\x04l\x14]HM\xcd\x05\x9e\x8f\x17\x00\
J\x85\xf1\x0c\x80\xd4\x9d\xa5\xc0I\xd1E\xd4\xd8\x7fa\
\xf3\x97\x0a\xe5\x19\x00\xa9{\xeb\x92\xbe\xa9N\x0b\xae\xa3\
n\x9e\x046#\xed\x01 \xa9 \x9e\x01\x90\xba\xb7\x00\
81\xba\x88\x1a\xfa.6\x7fIR\xc9\x8d\x07\xee \
=\xb2\xd6d\xcf\xc3\xc0z\x1d\xad\x80$IA\xf6\x03\
V\x13\xdf<\xeb\x90#;<\xf6\x92$\x85\xfa\x11\xf1\
\xcd\xb3\xea\xb9\x0a\xafK\x92$U\xcct\xe0A\xe2\x9b\
hU\xb3\x02xQ\xc7G]\x92\xa4\x12\xd8\x8bt{\
`t3\xadb>\xd5\xc5\xf1\x96$\xa94\x8e$\xbe\
\x99V-\x97\xe2\x1dIR\xcf\x8d\x8e.@\xaa\x99\x9b\
\x81\x0d\x80=\xa2\x0b\xa9\x88G\x80W\xe1\x9e\xff\x92\xa4\
\x1a\x18\x0b\xfc\x86\xf8o\xd6e\xcfR\xe0e]\x1ec\
I\x92Ji\x1cp.\xf1M\xb6\xacY\x05\x1c\xd1\xf5\
\xd1\x95$\xa9\xc4\x1c\x02Z\xe7\xe8\x0c\xc7U\x92\xa4\xd2\
\x1b\x0f\x9cG|\xc3-S\x8e\xcbr@%I\xaa\x8a\
1\xa4\xa6\xb7\x92\xf8\xe6\x1b\x99\xa7\x80\xa3\xb2\x1dJI\
\x92\xaag\x7f`\x1e\xf1\x8d8\x22W\x01[e?\x84\
\x92$U\xd3L\xe0|\xe2\x1br\xaf\xb2\x048\x16\xef\
\xf3\x97$\x09\x80\x83\x81\x07\x88o\xd0E\xe6R`\xbb\
\xbc\x0e\x98$Iu1\x158\x91tK\x5ct\xb3\xce\
3\xf3\xf0\xa9~\x92$\x8dhw\xe0\xb7\xc47\xee\xac\
\x99O\xda\xd3\x7fr\xbe\x87G\x92\xa4z\xdb\x1b\xf8#\
\xf1\x8d\xbc\xd3,\x04N \x9d\xd1\x90$I]z\x15\
\xe9B\xc1\xb2\xff40\x97t\x81\xdf\xfa\x85\x1c\x05I\
\x92\x1aj+\xe0\x1b\xc0\x13\xc47\xfbg\xb2\x1a\xf8\x1d\
p\x18>LL\x92\xa4B\x8d\x07\x0e ]0\xf8\x08\
\xbdo\xfa\xab\x80\xebH\x9b\x19m]\xec_UR\xaf\
\xf4E\x17 \xa9#c\x81\x97\xf7g\x1f\xd2\x05\x84\x13\
\x0b\xf8\xff\xb9\x07\xb8\x12\xb8\x1c\xb8\x00x\xa8\x80\xff\x0f\
I\x81\x1c\x00\xa4j\x1b\x0b\xbc\x08x!\xe9'\x83\xd9\
\xfd\x7fnE{W\xe3?\x0c\xdc\xdd\x9f{\x80;I\
\xbb\xf6=XD\xb1\x92\xca\xc3\x01@\xaa\xaf1\xc0:\
\xfd\x99\x08L!\xed\xc7\xbf\x18X\xd4\xff\xcf\x92$I\
\x92$I\x92$I\x92$I\x92$I\x92$I\x92\
$I\x92$I\x92$I\x92$I\x92$I\x92$\
I\x92r\xf0\xff\x01\xc0s;\x0d;\xfd\xa9\xb4\x00\x00\
\x00\x00IEND\xaeB`\x82\
\x00\x00C8\
\x89\
PNG\x0d\x0a\x1a\x0a\x00\x00\x00\x0dIHDR\x00\
\x00\x02\x00\x00\x00\x02\x00\x08\x06\x00\x00\x00\xf4x\xd4\xfa\
\x00\x00\x00\x09pHYs\x00\x00\x0e\xc3\x00\x00\x0e\xc3\
\x01\xc7o\xa8d\x00\x00\x00\x19tEXtSof\
tware\x00www.inksca\
pe.org\x9b\xee<\x1a\x00\x00 \x00ID\
ATx\x9c\xed\x9d{\xb0-Y]\xdf\xbf\xdd{\x9f\
s\xee\xeb\xdc\xc7<\x19a\x1c`\x9c\x01\x15pD\xa6\
$(\x0a\x22\xef\x10E\x05#Q0jL\x94\x18c\
\xac\xd2*\xadD\xca<\x0a+\xd1\xc4g\x0ce\xaa|\
\xc6d\xd4\x00Fa\x18\x91\x01T@\x1e\x82\x91\x12\xc4\
(\xc3\xcb\x01\xe6\xc1\xbd3s\xef\xb9\xe7\xdcsv\xe7\
\x8f;g\xef\xee\xdd\x8f\xdd\x8f_\xef\xbd~\xbd?\x9f\
\xaa\x81\xdb\xbf\xb5\xd6o\xfdn\xdf^\xeb\xd3{\x9f\xd3\
{K\x00\x00\x00\x00\x00\x00\x00\x00\x00\x00\x00\x00\x00\x00\
\x00\x00\x00\x00\x00\x00\x00\x00\x00\x00\x00\x00\x00\x00\x00\x00\
\x00\x00\x00\x00\x00\x00\x00\x00\x00\x00\x00\x00\x00\x00\x00\x00\
\x00\x00\x00\x00\x00\x00\x00\x00\x00\x00\x00\x00\x00\x00\x00\x00\
\x00\x00\x00\x00\x00\x00\x00\x00\x00\x00\x00\x00\x00\x00\x00\x00\
\x00\x00\x00\x00\x00\x00\x00\x00\x00\x00\x00\x00\x00\x00\x00\x00\
\x00\x00\x00\x00\x00\x00\x00\x00\x00\x00\x00\x00\x00\x00\x00\x00\
\x00\x00\x00\x00\x00\x00\x00\x00\x00\x00\x00\x00\x00\x00\x00\x00\
\x00\x00\x00\x00\x00\x00\x00\x00\x00\x00\x00\x00\x00\x00\x00\x00\
\x00\x00\x00\x00\x00\x00\x00\x00\x00\x00\x00\x00\x00\x00\x00\x00\
\x00\x00\x00\x00\x00\x00\x00\x00\x00\x00\x00\x00\x00\x00\x00\x00\
\x00\x00\x00\x00\x00\x00\x00\x00\x00\x00\x00\x00\x00\x00\x00\x00\
\xd0\x86\xa8\xef\x09\x92\xdb4\xda\xbd\xee\xd4\x0d\xfb\xfb\xa3\
\x9bG\x91\xaeK\x92\xe8\xb8\xe2\xc9\xf1i\x87I\xdf\x15\
,\x83\x05\x7f\x89A\xfc\x1d\xcb\x19\x1d\xd4\xeb\x97H\xe7\
\x92X\x97\xe2\x89\x1eH\xa2\xe4\x81H\x93\x8fo\x1e?\
}W\xf4\xb4O\xee\xf4[!\x00\x00\xccc~\x03\x90\
\xbcA[\xbb\xc7\xaf\xf8\xea\x89\xa2g*I\x9e!E\
_*%[\xc5\x9d+3Y\x97\xa6\xc8>\xe5\xc3T\
$\xeem\xce6\xf3\x05{N\xefQ\xa4\x8fGI\xf4\
\x97I\xa2\xf7%Q\xf4\xbe#\x93\xcd\xf7G\xcf\xfd\xcc\
y\x93\xec\x00\x00\x90\xc3\xec\x06\xe0\xc2\x9dW<5\x8a\
\xa2\x97'J\xbeY\xd2\x15\x0b\x07\xf8\x14\xd5\x1c\x0b\x92\
\x22\xff\x96$\x92t\xa0D\x1fV\xa4;\x14Eo\xdc\
\xda;\xf7\xf6\xe8\x05\xda\xedkF\x00\x80u\xa3\xd3\x0d\
@\x92(\xba\xf0\xf63\xcf\x8f\x14\xfd\x88\x12}E\xfd\
\x81\xad\x1b[\x81\xfc\xbd\x9cS\xa9\xa2\xd6\xf3J\xf4\x96\
$I^\x7f\xe4`\xe3\xb7\xa2\x17\xdc\xff@_\x15\x00\
\x00\xac\x03\xado\x00\xce\xbf\xed\xf4\x97FI\xfc\x0b\x92\
\x9e\xdah\xe0 D\x85\xfc\xfb\xa1\xf6\x8fR.$\x91\
^\x1bM\xa2_\xd9z\xe7\xb9?\x8c^5\xf4\xdf\xb2\
\x00\x00\xb0\xa7\xf1\x0d@\xf2\x8eG\x1d\xdd\xd9\xbb\xf0j\
I\xaf\x944j6\xb8uc+\x90\xbf\x97s*u\
\xf8=\x8aOH\xc9Oo\xedl\xbd&\xfa\xba{\x1f\
4.\x0a\x00`\xb04\xba\x01\xb8\xf8\x96\xab\x1e7\x89\
'\xb7IzR\xe3\x99\x06!*\xe4\xdf\x0f&\xbfD\
\xf9\x80\xa4_>\x98\xec\xbf\xfa\xf8\xf3.\xdc\xdd\xbd&\
\x00\x80aS\xfb\x06\xe0\xfc\x9dW~}\x14%\xbf.\
\xe9\xf8\xc2\xce\xf3\x0cBT\xc8\xbf\x1f\xcc\x9f\xa0\xb8\x90\
$\xc9\xcf\x1c\xb9\xb8\xf5\x1fxG\x00\x00\xa0\x9cZ7\
\x00;o\xbb\xf2\x15I\x92\xfc\x92\xa4q\xe3\x19\x06!\
*\xe4\xdf\x0f\xfd=>\x19I\xf7%\xd2\xbf\xdd:\xfb\
\xc0\xcfE/U\xcdO*\x00\x00X\x1f\x16\xde\x00\x5c\
x\xeb\x95\xdf'%?]\xa7o\x8eA\x88\x0a\xf9\xf7\
\xc3\xd2>;\xe1\x03\x93$y\xe5\xb1\xe7>\xf8\x0e\xd3\
\xac\x00\x00\xce\xa9\x94\xfa\x85\xb7\x9e\xf9\x16)\xfauI\
q\xe3\xcc\x83\x10\x15\xf2\xef\x87\xa5\x7fp\xd2D\xd2\xcf\
m\xed?\xf0C|\x96\x00\x00\xc0eJo\x00v\xee\
\xbc\xea\x19I4\xb9C\xd2F\xe3\xac\x83\x10\x15\xf2\xef\
\x87U~jb\xf4\xc1x\xa2Wl>\xef\xdc\x9f\xf5\
=\x13\x00@\xe8\x14\xde\x00<\xf4\xe6k\xae\x8d\xc7\xfb\
\xef\x97t]\xe3\x8c\x83\x10\x15\xf2\xef\x87 >2\xf9\
R\x94D?\xb6\xf9\xces?\xc1\xe7\x07\x00\xc0:\x93\
\xbb\x01H\x12E\x17\xdev\xc5\xed\x91\xf4\x9c\xc6\xd9\x06\
!*\xe4\xdf\x0fA\xc8?=\xdf\x1d\x974\xf9\xb6\xed\
\xe7>\xf4\xd9%\xcf\x0e\x00\x10\x04\xb9\x9f\xed_|\xeb\
\x95\xaf@\xfe\xed\x9a\xcd\x19\xc49\x95\x02\x94\xbf$=\
gC\xf1_\x5c\xbc\xe3T\xf3k\x1d\x00`\x00d\xde\
\x018\xfbG\xa7\xcel\x1e\x8c>,\xe9\x9aFY\x06\
!*\xe4\xdf\x0fA\xca?\xcdDQ\xf2\x1f\xb7\xce>\
\xf8\xa3<.\x08\x00\xebD\xe6\x1d\x80\xcd\xfd\xd1\x8fj\
-\xe5\xbf\x800DU\xa7\xb1\x15k,\x7fI\x8a\x95\
\xe8\x87wOm\xdfq\xfe\xf6c\xcd\x7f\xe7\x05\x00\xc0\
)\xd3w\x00\xce\xbd\xe3\xe4\x15\x1b{\xe3\xbb$m\xd7\
\x1e\x8d\xa8\xec\xe1\x9c\xdaS\xff\x9c\xde\xa3$z\xf9\x91\
\xe7=p{\xbf\x05\x01\x00\xac\x9e\xe9;\x00\xe3\xbd\xf1\
\xf7k\xed\xe4\x9f\xc8\xa9\xa8L@\xfe\xb9\xc6\xab\x15%\
\xbf\xbf\xf3\xa6\x93\xff.\xb9\xb3\xc5\xa7^\x02\x008\x22\
\x92\xa4$Q\xbc\xf3\xb6+>&\xe9Q\xb5F\x0dB\
T\xfc\xcc\xbf\x1f\xdc\xca\x7f\x9e\xb7O\xc6\xfb/;\xf6\
\xac\x9dO\xd9\x15\x04\x00\x10\x0e\xb1$\xed\xbe\xfd\x8a\xaf\
\xd5Z\xc9\x7f\x01\xbeD\xd5\x18\xe4_\xab\x98\xaf\x8a/\
\x8d?p\xf1\x8e\x93/\xb0)\x08\x00 ,bI:\
\x98\xe8e\xb5z\x0fBT\xbc\xed\xdf\x0f\x03<\xa7\x91\
\xaeR\x92\xfc\xde\xc5\xdb\xb7\x7f\x82\x1f\x09\x00\xc0\xd0\x88\
%)\x8a\xf4\xb5\x0b{\x0eBT\xbc\xed\xdf\x0f\x03\x94\
\xff\x8cH\x91~\xe8\xe2\xa5\xedw\xec\xbc\xe9\xd4c\xda\
\x15\x05\x00\x10\x1e\xf1\xee\x9dW>^\xd2#+{\x0d\
BT\xc8\xbf\x1f\x06-\xff)Q\xa2[#M\xde\xbf\
{\xc7\x89\x97tJ\x04\x00\x10\x08\xf1~\x94<\xbd\xb2\
\xc7 D\x85\xfc\xfba=\xe4\x9f\xe2T\x92D\xff\xeb\
\xe2\x9b\xb6\x7f*\xb9M\x9bVI\x01\x00VA\x1cI\
_X\xda:\x08Q!\xff~X;\xf9\x1f\x12I\xfa\
\x81\xbd\x93\xdb\xef\xb8\xf8\x86S7Z'\x07\x00X\x16\
q$=\xae\xb0e0\xa2\xaa`\xd8\xa2B\xfe=\x15\
\xf3\xf0y\xfd\xb2(\x9e\xfc\xd9\xee\x9bN|s/\x93\
\x00\x00\xf4L\x9cH\x8f\xcdE\x07!*~\xdb\xbf\x1f\
\xd6\xf7\x9cJ\xb9\xf3zRI\xf4?\xf7n?\xf9s\
\xc9\x1b\xb4\xd5\xcb\x84\x00\x00=\x11K:\x95\x89\x0cF\
T\x15\x0c\x5cT\xc8\x7f)\xf2O\xcd\x96\xbcr/>\
\xf9\xce\x8bw\x9c\xbc\xa9\x97\x89\x01\x00z V\xfa\xe3\
\x7f\x07!*^\xf9\xf7\xc3\xfa\x9eS\xa9\xceyM\xbe\
4\x9a$\xef\xdb\xbd\xfdd\xbd\xcf\xd4\x00\x00X1\xb1\
\xa4c\x92\x06$\xaa\x0a\x06.*\xe4\xbf*\xf9O\xd9\
\x96\x92\xdf\xb8\xf8\xc6\xed\xff\x96\xdc\xa6\xa3\xbd\x14\x03\x00\
`D\xac\xcb_\x87Z\x81\x17Q\xf1\xca\xbf\x1f\xd6\xf7\
\x9cJ\xed\xcek\x14\xe9\xbb\xf7Nn\xbfo\xf7M'\
\x9e`_\x11\x00\x80\x0d\x03\x91\xff\x02\x06.*\xe4\x1f\
\x8e\xfcS|\xa1\x14\xbd{\xef\xf6\xed\x7fbT\x0e\x00\
\x80)qy\x93\x17Q\xf1\xca\xbf\x1f\xd6\xf7\x9cJF\
\xe75\xd1\xd1Dz\xcd\xee\xed\xdb\xbf\x9a\xbc\xe9\xda\xe3\
\x06\x19\x01\x00\xcc(\xb9\x01\xf0$\xaa\x0a\x06.*\xe4\
\x1f\xb0\xfc\xb3|\xdb^r\xfe\xbd\xbbo<\xfe$\xf3\
\xcc\x00\x00-)\xb8\x01\xf0\x22*^\xf9\xf7\xc3\xfa\x9e\
S\xa9\xd7O\xa3|\xbc\xa2\xe8O/\xde~\xfc\xfb\xfb\
\x98\x01\x00\xa0)\xd1\x85;\xafHmy\x88\xaa\x15\xc8\
\xdf\x9ea\xc9\x7f>\xf4\xdb\x9b\xe3\x8d\xef\x8a\x9e\xfd\xb9\
s}\xcc\x08\x00P\x87\xd4;\x00^D\xc5+\xff~\
X\xdfs*-\xf9{(\x22}\xd3\xde\xfe\xa5w\xef\
\xfd\xfe\xf1[\xfa\x98\x15\x00\xa0\x0e\x0f\xdf\x00x\x12U\
\x05\x03\x17\x15\xf2\x1f\x80\xfcgM7'q\xf4N~\
$\x00\x00\xab\x22\xbap\xe7\x19\xf3\xed\x8fo\xf5C\xfe\
\xadX\x1f\xf9\xcf\xf3\xda\xcd\x8b\xe3\xef\x88^|\xf6l\
\x1f\xd5\x00\x00\x14Q\xf1\x18`;x\xe5\x8f\xfc[\xb1\
\xbe\xf2\x97\xa4\x17\xef\x1d9\xf8\xc0\xde\x1bN>\xb5\x87\
\x82\x00\x00\x0a1\xbd\x01\xe0g\xfe\xc8\xbf\x15\xeb-\xff\
\xc3\x0e7$\xd1\xe4\xad\x17o?\xfe\xfdI\xa2\xc8\xb2\
*\x00\x80\x22\xcc~\x04\x80\xa8\x90\x7f+\x90\x7f\x11\xaf\
\xdf\x8c\xe2\xef\x88\x9e\xf7\xc0\xfd\x1d\x0a\x02\x00\xa8\xc4\xe4\
\x1d\x00^\xf9#\xffV \xff2\xbeno2y\xff\
\xa57m?\xadeA\x00\x00\x0b\xe9|\x03\xc0\xcf\xfc\
\x91\x7f+\x90\x7f5\x91>\x7f2I\xde\xb6\xfb\xc6\x13\
\xafJ^e\xff\xbb:\x00\x00\x9d~\x04\xc0o\xfb#\
\xffV \xffFD\x89\xfe`\x7ft\xf0\x9d\xc7\x9e\xbb\
\xf3\x09\xbb\xac\x00\xb0\xee\xb4~e\xc1+\x7f\xe4\xdf\x0a\
\xe4\xdf|\xa6H\xcf\x1eMF\x1f\xdc{\xe3\xf6w\xdb\
f\x06\x80u\xa6\xd5;\x00\xbc\xf2G\xfe\xad@\xfe\x16\
\xbc~\x7f4\xf9\xde\xe3\xcf\xb9\xf0w\xbd\xcf\x04\x00\x83\
\xa6\xf1;\x00\xbc\xf2G\xfe\xad@\xfeV|\xdd\xf8 \
\xfe\xeb\xdd\xdb\x8f\xbf:\xb9\xf3\xea\x13K\x99\x11\x00\x06\
I\xa3\x1b\x00~\xdb\x1f\xf9\xb7\x02\xf9[sL\x93\xe8\
\x87\xf7vv>\xb4\xf7\x86\xe3/\xe7s\x03\x00\xa0\x0d\
\xb5\x7f\x04\x80\xa8\x90\x7f+\x90\xbf=\xf3\xf3E\xd1\xfb\
\x94$\xaf\xde|\xf7C\xff;z\x95&K\xae\x06\x00\
\x9cR\xeb\x06\x80\x9f\xf9#\xffV \x7f{\xaa\xe7\xfb\
\xdb$I~f\xeb\xfc\xf9\xd7D/\xd5\xce\x92*\x02\
\x00\xa7,\xbc\x01@\xfe\xc8\xbf\x15\xc8\xdf\x9e\x85\xf3M\
;|Z\x89~MQ\xf4\xcb[/x\xe8/\xfb-\
\x0a\x00\xbcRy\x03\x80\xfc\x91\x7f+\x90\xbf=\xf5\xe5\
?\x1f~w\x14G\xbf\xb2\x91\xe8\xb7\xa2\x17<t\x8f\
uY\x00\xe0\x97\xd2\x1b\x00\xe4\x8f\xfc[\x81\xfc\xedi\
+\xff,\x13Ez\xbf\x12\xbd9\x89\xf5\xe6\xad\xad\xf3\
o\x8d\x9e\xa9\xfd\xee\xc5\x01\x80W\x0ao\x00\x10\x15\xf2\
o\x05\xf2\xb7\xc7F\xfeE\xdc'\xe9O\xa5\xe8\xbd\x89\
&\xef\xddO\xa2\xf7\x9cx\xe1\xf9O\xb7M\x06\x00\xfe\
\xc8\xdd\x00\xf0\xca\x1f\xf9\xb7\x02\xf9\xdb\xd3\x9f\xfc\x0b\x89\
\xa4\xcfH\xd1\xdfJ\xc9\xc7\x92DwEJ\xeeJ&\
\xc9g\xe3(~0\x19%\xe7\x92(\xbe\x90\xec\xef\xf3\
\xcb\x85\x90gw\xb9\xd3m-w\xba\xfe9\xb8xV\
\xd2C\xd1K\xb5\xb7\xcci37\x00\x88\x0a\xf9\xb7\x02\
\xf9\xdb\xb3d\xf9KkpN\x17\xce\xc99m\xc5 \
\xce\xa9\x14\xc8y\xbd\xa4Hwk\x92|D\x89\xfeJ\
\xb1\xde7\x8aFwF/\xbexW\x1f\x93Mo\x00\
x\xe5\xcf\x85\xda\x0a\xe4o\x0f\xf2\xef\x87A\xac\x7f\xce\
i?\x04t^\x8b\xe7\xfbh\x12%\xafM\xa4_\xdd\
\xfc\x86K\x7fn5Ut\xe1\xce3\xc9\x1a\x9f\xd4:\
\x8d\xad\xe0\x9c\x22\xffV \xff~\x18\xc4\xfa\xe7\x9c\xf6\
C@\xe7\xb5\xc69\x8d\xa4?O\xa4\x9f\x1c]q\xe9\
7\xbb\xfe\x22o\xcc\xc7\xfbr\xa1\xb6\x02\xf9\xdb\x83\xfc\
\xfba\x10\xeb\x9fs\xda\x0f\x01\x9d\xd7\x9a\xe74\x91\xbe\
D\xd2\xaf\x1e\xdc\xbf\xf1\x91\xfd\xdf\xdexE\x97\x8f\x02\
\x8fv\xde\xd2\xfc\xdb\x00\x17\xe3\xef\xa4Z\xc1\x85\x8a\xfc\
[\x81\xfc\xfba\x10\xeb\x9fs\xda\x0f\x01\x9d\xd7n\xe7\
\xf4\xbd\x93D\xdf\xb3\xf9M\x97\xde\xdbt\xda\xc6\xdf\x06\
X\x0d\xaf\xfc\xfba}\xcf\xa9\xb4\x06\x9b*\xf2\xef\x87\
A\xac\x7f\xcei?\x04t^\xbb\x9f\xd3\xa7\xc4\x91\xde\
y\xe9w6_\x95\xbc\xaa\x99\xd3\x8do\x00*\xf0w\
R\x1b\xc1\x85\x8a\xfc[\x81\xfc\xfba\x10\xeb\x9fs\xda\
\x0f\x01\x9dW\xbbs:\x8e\x94\xfc\xd8\xc1\x137\x7f7\
\xf9=\x9d\xa9;\xc8\xe8\x06\x80W\xfe\xfd\xb0\xbe\xe7T\
Z\x83M\x15\xf9\xf7\xc3 \xd6?\xe7\xb4\x1f\x02:\xaf\
\xbd\x9c\xd3\xe4\x85\xfb{\x1b\x7f\x9c\xbc\xee\xe8\xf5uz\
\xf7\xff\x0e\xc0 Nj9\x5c\xa8\xc8\xbf\x15\xc8\xbf\x1f\
\x06\xb1\xfe9\xa7\xfd\x10\xd0y\xed\xf1\x9cF\x89\xbe\xe8\
\xe0`\xff\x8f\x92\xdf\xde\xbaiQ\xdf\x8e7\x00\xbc\xf2\
\xef\x87\xf5=\xa7\xd2\x1al\xaa\xc8\xbf\x1f\x06\xb1\xfe9\
\xa7\xfd\x10\xd0y]\xce9\xbd\xe1 \x9a\xfc\xe1\xa2w\
\x02\xfa{\x07`\x98'u\x0a\x17*\xf2o\x05\xf2\xef\
\x87A\xac\x7f\xcei?\x04t^\x97{N\xaf\x9f\x1c\
\xec\xff^r\x9bN\x95uhy\x03\xc0+\xff~X\
\xdfs*\xad\xc1\xa6\x8a\xfc\xfba\x10\xeb\x9fs\xda\x0f\
\x01\x9d\xd7\x15\xec\xa9J\xf4\xa4$\x1e\xffZ\xd9g\x05\
\xd8\xbf\x030\xf0\x93\xca\x85\x8a\xfc[\x81\xfc\xfba\x10\
\xeb\x9fs\xda\x0f\x01\x9d\xd7\x15\xee\xa9\x89\xa2\x17M~\
g\xe3\x95E}\x1a\xde\x00\xf0\xca\xbf\x1f\xd6\xf7\x9cJ\
k\xb0\xa9\x22\xff~\x18\xc4\xfa\xe7\x9c\xf6C@\xe75\
\x8c=\xf5?\x15\xfdR\xa0\xdd;\x00\x03?\xa9\x5c\xa8\
\xc8\xbf\x15\xc8\xbf\x1f\x06\xb1\xfe9\xa7\xfd\x10\xd0y\x0d\
gO\xddJ\x92\xc9\xcf\xcf\x07k\xde\x00\xf0\xca\xbf\x1f\
\xd6\xf7\x9cJk\xb0\xa9\x22\xff~\x18\xc4\xfa\xe7\x9c\xf6\
C@\xe75\xb0=5\x89\xf4\xec\xfd\xdf\xda\xfc\x86t\
\xac\xfb;\x00\x03?\xa9\x5c\xa8\xc8\xbf\x15\xc8\xbf\x1f\x06\
\xb1\xfe9\xa7\xfd\x10\xd0y\x0dtO\x8d\xa2\xe4\xc7\xd3\
\x1f\x17\xbc\xe0\x06\x80W\xfe\xfd\xb0\xbe\xe7TZ\x83M\
\x15\xf9\xf7\xc3 \xd6?\xe7\xb4\x1f\x02:\xafa\xef\xa9\
_|\xf0\x84\xad\x17\x1e\x1e\xb4\x7f\x07`\xe0'\x95\x0b\
u\xe5\x17j\x03\xbc\x9c\xd3Z\x1d\x1a3\xf8s\xbap\
N\xcei+\x06qN\xa5\xa0\xce\xab\x83=5\xd6\xe4\
_\xcd\xfe\x5c\x08\xaf\xfc\xfba}\xcf\xa9\xb4\x06\x9b*\
\xf2\xef\x87A\xac\x7f\xcei?\x04t^\x9d\xec\xa9\x89\
\xf4\xd5\xc9mG\x1e#\xb5y\x07`\xe0'\x95\x0b5\
\x9c\x0bu1^\xcei\xad\x0e\x8d\x19\xfc9]8'\
\xe7\xb4\x15\x838\xa7RP\xe7\xd5\xd7\x9e\x1aM\xe2\xfd\
\x97I\xb9\x1b\x00^\xf9\xf7\xc3\xfa\x9eSi\x0d6U\
\xe4\xdf\x0f\x83X\xff\x9c\xd3~\x08\xe8\xbc:\xdcS\x13\
E/\x92\xa4h\xe7-g\x92t\xb8b\xc4r\xe1B\
\xb5\xc7\xe1\x85Z\x8c\x97sZ\xabCc\x06\x7fN\x17\
\xce\xc99m\xc5 \xce\xa9\x14\xd4y\xf5\xbb\xa7\x1e\xc4\
\xa3KW\x8d/\xffyA\xc6\x81\x9fT.\xd4\xa0/\
\xd49\xbc\x9c\xd3Z\x1d\x1a3\xf8s\xbapN\xcei\
+\x06qN\xa5\xa0\xce\xab\xef=ut\xb0?\xfa\xca\
\x18\xf9\x9b\xa7|\x18.T{\xbc\x9c\xd3Z\x1d\x1a3\
\xf8s\xbapN\xcei+\x06qN\xa5\xa0\xce\xeb\x00\
\xf6\xd4(\x8en\xa9\xfe%\xc0\x81\x9fT.T\x1f\x17\
\xeae\xbc\x9c\xd3Z\x1d\x1a3\xf8s\xbapN\xcei\
+\x06qN\xa5\xa0\xce\xebP\xf6\xd4$z\xdc\xb8\xbc\
\xb1\x87\x09\xab\xe0B\xb5g(\x17\xaa\x9bsZ\xabC\
c\x06\x7fN\x17\xce\xc99m\xc5 \xce\xa9\x14\xd4y\
\x1d\xd0\x9e\x9aD\xba\xb9\xf8\x1d\x80\x81\x9fT.T_\
\x17j\x9b\xa6^@\xfe\xfd0\x88\xf5\xcf9\xed\x87\x80\
\xce\xeb\xc0\xf6\xd4(I\xae\xc9\xbf\x030\xf0\x93\xda\xe7\
\x85\x1a\x8d\xb6\x15m\x5c+\xc5\x9b\xd2\xe8X\xba\xa9j\
\x98y\x1d\xab\xd8p\xa2\xc3\xb9Mi\xba\xf8\x1b\xce\xdf\
\xa4\xfb\xc2\xbe\x93fs\xd7 \xaa\xdd\xd3\xe8\xbc\xb7J\
\xd3r\xeed\xee\xff[\xe5^\x85Y\x8b\xe6^\x85\xa4\
:\xcc\xd9\xb9\xa6l\x82\xfa\xd7i\xb7y2\xb1\xae\x7f\
\x87\xc9\x8e4\xd9S\xb2w\xbftp\xbe])\xf5\x1a\
[\xd3\xff\x8dj\xb4=.m[\x06\x03\x90\x7f|\xf4\
&\xc5\xc7oQ|\xfc\xcb\x14m^\xa3Fu'u\
\xfbZ\xf7{\xb8o\xad\xee\x1e\xe6n\xd2\xb7\xee\x06\xd2\
\xe3\xdc\xa6\xf3;\x9b{\xe1\xb0\x9e\xae\xb7ZC=\xcc\
\xdd\xa4oA\xbf\xce7\xce\x1d\xcfQ\xa7\xf9\x0d\xfa\xe5\
\x9a\x12i\xef>%\xe7?\xa4\xe4\xa1\x0f+\xd9\xf9X\
\xc3i\xbd\xca_\x92t2\xday\xcb\xe9\xa4\xb8\xadg\
\x9c\xcb?>r\xa3FW\xbdD\xf1\xd1\x9bSQ\xe4\
\xbf\xfc\xb9\x9b\xf4E\xfe\xc8\xdf\xf3\xdcM\xfa\x22\xff\xc5\
M\xf9\xbe\xc9\xc5O(\xb9\xe7\x0f\x94\xec|\xb4\xc6\xb4\
\xae\xe5\x7fy\xae\x9d\xb7\x9cN\x90\x7f\x03\xe2Mm\x5c\
\xf3\x0a\xc5\xdb\x7fo\xae\x01\xf9/\x7f\xee&}\x91?\
\xf2\xf7<w\x93\xbe\xc8\x7fqSu\xce\xe4\x81\x0fh\
\xf2\xe9\xdf\x95\x92K\x1dkj\xc6\xb2\x7f?e\x8c\xfc\
\x1b\xe4\x1a\x9f\xd6\xc6u\xdf\xa7\xe8\xf2\xf7(\xa4@\xfe\
\xcb\x9f\xbbI_\xe4\x8f\xfc=\xcf\xdd\xa4/\xf2_\xdc\
\xb48gt\xf2\x16\xc5[\xd7h\xf2\xa9\xff!]:\
\xd7\xb2\xa6f\xac\xe2\x97S\xdb\x7f\x1dp\x1b<\xcb\x7f\
tR\x1b\x8f\xfa\x11\xe4\x1f\xc4\xdcM\xfa\x22\x7f\xe4\xef\
y\xee&}\x91\xff\xe2\xa6\xfa9\xa3\xad\xeb4\xba\xfe\
;\xa4\xd1\xf1\x16\xe3\x9b\xb1\xaa'S\x96w\x03\xe0X\
\xfe\xd2H\xe3\xeb\xbeG\xd1\xc6Usq\xe4\xbf\xfc\xb9\
\x9b\xf4E\xfe\xc8\xdf\xf3\xdcM\xfa\x22\xff\xc5M-r\
n\x9cQ\xfc\xc8\x7f(E\xe3\x06\xe3\x9b\xb1\xca\xc7R\
\x97s\x03\xe0Z\xfe\xd2\xf8\xaaoT|\xf4qsQ\
\xe4\xbf\xfc\xb9\x9b\xf4E\xfe\xc8\xdf\xf3\xdcM\xfa\x22\xff\
\xc5M\xedsFGoP|\xd53k\x8eo\xc6\xaa\
?\x93\xa2\xff\x1b\x00\xe7\xf2\x8f6\xae\xd2\xe8\xf4\xb3\xe6\
\xa2\xc8\x7f\xf9s7\xe9\x8b\xfc\x91\xbf\xe7\xb9\x9b\xf4E\
\xfe\x8b\x9b\xba\xe7\x8c\xce<M\xda8S3O=V\
-\x7f\xa9\xef\x1b\x00\xe7\xf2\x97\xa4\xd1\x15/\x96\xa2\x8d\
T\x04\xf9/\x7f\xee&}\x91?\xf2\xf7<w\x93\xbe\
\xc8\x7fq\x93\xd1\xdc\xd1H\xf1\x95v\xef\x02\x84 \x7f\
\xa9\xcf\x1b\x80\x01\xc8_\xf1\x11\x8d\xb6oM\x05\x90\xff\
\xf2\xe7n\xd2\x17\xf9#\x7f\xcfs7\xe9\x8b\xfc\x177\
\xd9\xce\x1d\x9d|\x82\x14o\xd5\xccY\x91'\x10\xf9K\
}\xdd\x00\x0cA\xfe\x92\xe2cO|\xf8\x97?$\xe4\
\xbf\x8a\xb9\x9b\xf4E\xfe\xc8\xdf\xf3\xdcM\xfa\x22\xff\xc5\
M=\xcc\x1d\x8d\x15\x1d\xbf\xb1f\xffbB\x92\xbf\xd4\
\xc7\x0d\xc0@\xe4/%\x8a\x8f\xdf2\xfds\xfda\xc8\
\xdf4g\x93~\xc8\x7f5s/\x1c\xe6A\xc0\xc8\xbf\
u\xbfu\x90\xff\xc3D'\x1e_sL\x9e\xd0\xe4/\
Y\xdf\x00\x0cH\xfe\x92\x14o]\xafFu#\x7f\xdb\
\x9cM\xfa!\xff\xd5\xcc\xbdp\x98\x07\x01#\xff\xd6\xfd\
\xd6H\xfe\x92\xa4\xadG\xd4\x1c\x97%D\xf9K\x967\
\x00\x03\x93\xbf$E\x1bW4\x18\x86\xfcMs6\xe9\
\x87\xfcW3\xf7\xc2a\x1e\x04\x8c\xfc[\xf7[7\xf9\
K\x8a6N\xd5\x1c\x9b\x1a\x13\xa8\xfc%\xab\x1b\x80\x01\
\xca\xff\xf2D5\x7f\xe1\x03\xf9\xdb\xe6l\xd2\x0f\xf9\xaf\
f\xee\x85\xc3<\x08\x18\xf9\xb7\xee\xb7\x86\xf2\x97\xd4\xf8\
\x97\x00C\x96\xbfdq\x030T\xf9KRT\xe3\xf4\
 \x7f\xdb\x9cM\xfa!\xff\xd5\xcc\xbdp\x98\x07\x01#\
\xff\xd6\xfd\xd6U\xfe\x92\x94\xd4Wf\xe8\xf2\x97\xba\xde\
\x00\x0cY\xfe\xb5\x86!\x7f\xd3\x9cM\xfa!\xff\xd5\xcc\
\xbdp\x98\x07\x01#\xff\xd6\xfd\xd6Z\xfe5S\xc8\x87\
\xfc\xa5.7\x00\xc8\xdf8?\xf2\xaf\xdd\x0f\xf9\xaff\
\xee\x85\xc3<\x08\x18\xf9\xb7\xee\x87\xfck\xe1E\xfeR\
\xdb\x1b\x80u\x90\x7f\xd5\x9c\xc8\xdf6g\x93~\xc8\x7f\
5s/\x1c\xe6A\xc0\xc8\xbfu?\xe4_\x0bO\xf2\
\x97\xa4\xf1\xe2.M&\xf4%\xffh|F\xd1\xd1\x1b\
\xa4\xd1Qi|j\x1a\x9f\xfe5\xb6\xae,\x1cW7\
\xbf=U\x02NJ\xfe\xbc\x8c\xb9\xcb\xea\xb0\xea\xdf\xc7\
\xe6U\x97*\x01\xcf\x07\xac\xcf{\x1f\xf2\xaf\xdb\xb7\x0f\
\xb94\xa1H\xc0E\xf3,k\xee\x92~\xb5\xa7_\xe5\
\x8b\x86\xba\x94\x9c\xdf\xce7\x1fm\xe7N5M.I\
\xc9\x81\xb4\x7fA\x9a\xecu\xcf\xd9d\xee\x9a}\xbd\xc9\
_jz\x030\x00\xf9\xc7'\x9f\xac\xf8\xca\xafQ|\
\xc5\xb3\x15\x1d\xfd\xfc\xb9\xd6.\x13\xd6}\x85\xba`|\
(c\xcd76\xeb\xb15\xc7\x9b\xbcr\xb3\x1e\xdfr\
l\x92\xfb\xc3\xf2\xe6\xee<65\xbeU\x9a\x00\xff\xbd\
X#\xdd\xe7n3v\xff\x82\xb4\xf3Y\xe9\xe2=\xd2\
\xee\xd9\x8es\xaf\xaf\xfc\xa5&7\x00\xce\xe5\x1fo\xdf\
\xa2\xd1\xa3\x7fP\xf1\xa9\xa7\x94\xf4@\xfe\xcdS\xb2\xb1\
-m,\xf2\xef>\xb7\xe5X\xd6H\xf7\xb9\xdb\x8e\x1d\
\x1f\x93\xb6\x1f}\xf9\xbf\xbd\x07\xa4s\x1f\x91v?\xd7\
b\xee\xf5\x96\xbf$\x8dk\xfd8{\x05\xf27\xcb:\
:\xa2\x8d/\xf8q\x8d\xaeyQE'\xe4\xdf<%\
\x1b\xdb\xd2\xc6\x22\xff\xees[\x8ee\x8dt\x9f\xdbj\
\xec\xe6I\xe9\xaa\xa7H\x17\xee\x96\xce\xfe\xe5\xe5\x1f\x13\
t\x9dg\x81\xfc\xd3\xce4uUy\x01\xb5\x9a\xda\xb0\
\xf8\x1d\x00\xc7\xaf\xfc\xa3\xcd\xab\xb5\xf1\xc5?\xaf\xf8\xc4\
\x13+z!\xff\xe6)\xd9\xd8\x966\x16\xf9w\x9f\xdb\
r,k\xa4\xfb\xdc\x96c\x0f\x87\x1c{\x84\xb4q\x5c\
\xba\xef\x03\xd2\xc1\xc5\xf6\xf3\xac\xc9+\xffC\xc6\xed\xfd\
\x1e\xf6+\xffh\xe3Jm~\xc9o*:\xf2\xc8\x8a\
^\xc8\xbfyJ6\xb6\xa5\x8dE\xfe\xdd\xe7\xb6\x1c\xcb\
\x1a\xe9>\xb7\xe5\xd8\xf9\xf5\xb1\xb1}\xf9\xdd\x80{\xdf\
-\x1d\x94\xfd\xa2`w\xf9'\xf2\xff\xca\xff\x90\xf2\xc7\
\x00\x1d\xbf\xf2W\xb4\xa1\xcd/\xfc\xcf\xc8\xbf\xeeX6\
\xb6\xees[\x8fE\xfe\xdd\xe7\xb6\x1c\xcb\x1a\xe9>\xb7\
\xe5\xd8\xb2\xf51>*]\xf1%%\x9f\xe2\xca+\xff\
y\x8a\x7f\x07\xc0\xf1+\x7fI\xdax\xcc\xbfT|\xea\
\xd6\x8a\x1e\xc8\xbfyJ6\xb6\xa5\x8dE\xfe\xdd\xe7\xb6\
\x1c\xcb\x1a\xe9>\xb7\xe5\xd8E\xebc\xf3\xb4\xb4\xfdX\
\xe9\x81\xffWo\x9e\x06\xf2\x97T\xffc`j\xb3\x1a\
\xf9KE\xef\x00x~\xe5/):\xf2Hm|\xde\
\xb7V\xf4@\xfe\xcdS\xb2\xb1-m,\xf2\xef>\xb7\
\xe5X\xd6H\xf7\xb9-\xc7\xd6]\x1f'n\xb8\xfcn\
\xc0\xa2\xbe\x0d\xe5o\xcf\xea\xe4/\xcd\xbf\x03\xe0\xfc\x95\
\xbf$m\xde\xf0/\xa4x\xb3\xa4\x15\xf97O\xc9\xc6\
\xb6\xb4\xb1\xc8\xbf\xfb\xdc\x96cY#\xdd\xe7\xb6\x1c\xdb\
d}D\xb1\xb4}\xa3\xf4\xb9\xbfhPB\xbd\x9a\xec\
\xde\x01X\xad\xfc\xa5\xf4;\x00\xce_\xf9KR4>\
\xa1\xf1\xd5\xcf/iE\xfe\xcdS\xb2\xb1-m,\xf2\
\xef>\xb7\xe5X\xd6H\xf7\xb9-\xc7\xb6Y\x1fG\xaf\
\x95\xa2Q\xcd\x12\xea\xe6\xb5\x12\xd7\xea\xe5/\x1d\xbe\x03\
0\x80W\xfe\x924:\xf3\x95R\xbcQ\xd0\x82\xfc\x9b\
\xa7dc[\xdaX\xe4\xdf}n\xcb\xb1\xac\x91\xees\
[\x8em\xbb>\xa2X:r\xb5\xb4\xf3\xe9\x05%4\
\x93\x7fww\x85!\x7fI\x8a\x87\xf0\xca\xff2\x89\xc6\
W>\xb30\xde%g\xb7\x14\x81m\xe8ll\xdd\xe7\
\xb6\x1e\x8b\xfc\xbb\xcfm9\x965\xd2}n\xcb\xb1]\
\xd7\xc7\x91\xab\x16\x94\xb0\x9e\xaf\xfc\x0f\xe7\xab\xf8\x1c\x00\
?\xaf\xfc\x0f\xb3\xc6'\x1e_\x18\xef\x92\x13\xf9\x1b\xcc\
m9~(\x1b[fX`\xd7J\xd3\xf1\xc8\xbf\xfb\
\xdc\x96\xe3\x87\xb2F,\xd6\xc7\xc6vE\x09\xed\xe4\xdf\
\xfew\x00\xc2\x92\xbfT\xfa9\x00\xbe^\xf9O\xe7\xd8\
\xba\xae0\xde:'\xf2\xef>\xb7\xe5\xf8\xa1ll\x99\
a\x81]+M\xc7#\xff\xees[\x8e\x1f\xca\x1a1\
Y\x1f\x92F[%i\xd6\xfb\x95\xff!\x05\x9f\x03\xe0\
\xef\x95\xfft\x9e\xd1\xb1\xc2x\xab\x9c\xc8\xbf\xfb\xdc\x96\
\xe3\x87\xb2\xb1e\x86\x05v\xad4\x1d\x8f\xfc\xbb\xcfm\
9~(k\xc4J\xfeJ\xa4h\xc3\x5c\xfe\xcd\xdf\x01\
\x08S\xfeR\xee\x1d\x00\x9f\xaf\xfcg\x93\x8d\x8a\xe3M\
s\x22\xff\xees[\x8e\x1f\xca\xc6\x96\x19\x16\xd8\xb5\xd2\
t<\xf2\xef>\xb7\xe5\xf8\xa1\xac\x11K\xf9KRT\
:A\xddBl\xea\xe8s\x8a\xba\x14\xcc7N\xec?\
\xd6h\xca\xb2^\xf9/\x8e7\xc8\x89\xfc\xbb\xcfm9\
~(\x1b[fX`\xd7J\xd3\xf1\xc8\xbf\xfb\xdc\x96\
\xe3\x87\xb2F\xac\xe5_;\xde\xac_\xfd\xea\xc2\x96\xbf\
T\xf5]\x00\x1dY\xea+\x7f\xab\x9c\xc8\xbf\xfb\xdc\x96\
\xe3\x87\xb2\xb1e\x86\x05v\xad4\x1d\x8f\xfc\xbb\xcfm\
9~(k\xc4\x89\xfc\xbb\xd7a8E]*\xe6\xeb\
\xe5\x1d\x80\xfe^\xf9W\xd0U\xde\xc8\xbf\xfb\xdc\x96\xe3\
\x87\xb2\xb1e\x86\x05v\xad4\x1d\x8f\xfc\xbb\xcfm9\
~(k\xc4\x99\xfc\x17+\xd3\x87\xfc\xa5\xc4\xfe\x1d\x80\
\xfe^\xf9W\x80\xfc\x1b\xa6dc[\xdaX\xe4\xdf}\
n\xcb\xb1\xac\x91\xees[\x8e\xed]\xfe\xcb\x1a_#\
O`\xf2\x97*?\x07\xa09\xcb\xff\x99\x7fuS\xad\
\x9c\xc8\xbf\xfb\xdc\x96\xe3\x87\xb2\xb1e\x86\x05v\xad4\
\x1d\x8f\xfc\xbb\xcfm9~(k\xc4\xa5\xfc\x93\x8aw\
\x00|\xc9_2\xfc\x1d\x80\x95\xfc\xcc\x1f\xf97L\xc9\
\xc6\xb6\xb4\xb1\xc8\xbf\xfb\xdc\x96cY#\xdd\xe7\xb6\x1c\
\xebT\xfe\xad\xda\x02\x95\xbfT\xf89\x00\xcd\xe1\x95\xff\
\x0a\xc7\xb2\xb1u\x9f\xdbz,\xf2\xef>\xb7\xe5X\xd6\
H\xf7\xb9-\xc7:\x97\x7f~\x94O\xf9K\x06\xef\x00\
\xf0\xca\x7f\x85c\xd9\xd8\xba\xcfm=\x16\xf9w\x9f\xdb\
r,k\xa4\xfb\xdc\x96c\x9d\xcb\xbfQ[\xe0\xf2\x97\
:\xbe\x03\xc0+\xff\x15\x8eec\xeb>\xb7\xf5X\xe4\
\xdf}n\xcb\xb1\xac\x91\xees[\x8e\x1d\x88\xfc\x93:\
\x7f\x0f\x07\xf2\x97:\xbc\x03\xc0+\xff\x15\x8eec\xeb\
>\xb7\xf5X\xe4\xdf}n\xcb\xb1\xac\x91\xees[\x8e\
\x1d\x88\xfck\xb59\x91\xbf\xd4\xf2\x1d\x80\x95\xbc\xf2\xef\
\x9a\x13\xf9w\x9f\xdbr\xfcP6\xb6\xcc\xb0\xc0\xae\x95\
\xa6\xe3\x91\x7f\xf7\xb9-\xc7\x0fe\x8d\x0cL\xfe\x95\x9f\
\x9d\xe3H\xfeR\x8bw\x00\xf8\x84\xbf\x15\x8eec\xeb\
>\xb7\xf5X\xe4\xdf}n\xcb\xb1\xac\x91\xees[\x8e\
\x1d\x98\xfc\xdb\xbe)\xd0\x0b\x1d\xe5/5\xfc\x1c\x00~\
\xe6\xbf\xc2\xb1ll\xdd\xe7\xb6\x1e\x8b\xfc\xbb\xcfm9\
\x965\xd2}n\xcb\xb1A\xc8?i8~\xb1\x8b\x0a\
{8\x94\xbf\xd4\xe0\x1d\x00~\xe6\xbf\xc2\xb1ll\xdd\
\xe7\xb6\x1e\x8b\xfc\xbb\xcfm9\x965\xd2}n\xcb\xb1\
\xc1\xc8\xdf\xa8\xff\xc0^\xf9\x1fR\xebw\x00:\xbd\xf2\
\x8fb\x8d\xb6\xceh\xb4u\xb5\xe2\x8d\x93\x8a\xe2ME\
\xa3\x8d\xc5\xe3\x92\xe9\xff\xd4#\x91\xb4\xf3\xd7s\xe3\xdb\
\xd0\xf4\x8e\xb1\xc5\x84\x85\x7f\xb7E\xe3\x9b\xb6\x1b^\xfc\
\x0b\xc7\xb4\xd8\xd8\x92\xaa\xc6&\xc9\xea\x8c\xedx.j\
m\xca}\x9f\xef\x9as-L\x9b\x14\xfe\xb1~B\xe3\
\xf3\xddh\x9d7\xb8\xde\x0a\xc7u\xe9\xdfv\x13l\xba\
F\x8c\xfen\xa5\xebk\x09\xfbB\xd2\xf0\xdf\xc9\xec\xfb\
h\xca\xfe\x9e\xf74\xec_\xd1M\x89\xb6\xae\xbe\xa9e\
M\xd5\xdd\x92\xc9\xfe\xe5\xff.\xed\xea`\xf7!M.\
]\xcc\x9f\x1bC\xf9KR\xf4\xe9\xd7\x9f\xac\x1c\xd5\xf4\
\x95\x7f\x14\x8d\xb5q\xf2Fm\x9e\xbcI\x1b\xdb7j\
|\xfc\x91\x8a\xa2\xb1\xca\x17P\xd9\x04\x0d\xe2\x95\x0b\xa7\
C\xbc\xb6\xa4\xbc\xd4\xda0^\xb90\x03\xab\xb5\xaf\xeb\
\xcbe\xad\xc6\xd7\x97\xa7u\x9bk\xb6Z\x0b\x86\xb9z\
\xaf\xb5\x87\xfd%w\xe8\xa5V\xab\xfcZ~\xad\x93\x89\
\xf6/\x9e\xd3\xfe\x83\xf7i\xff\xa1{u\xe9\xa1\xfb\xa5\
d\xd2p\xaej\xa2O\xbf\xae\xe2\x06\xa0A\xce\x8d\xed\
\x1bt\xf4\xca[\xb5u\xe5-\x8a\xc7\xc7\xf2\x89<m\
\x22\xb9.\xc8\xbfS.\xe4\x9f\x8d#\x7fgB5\xcc\
\x85\xfcSa\xe4\xdf\xa4\xd6d\x7fO{g\xef\xd6\xee\
\xfd\x9f\xd4\xfe\xf9\xb35\xe6ZL\xf9\x0d@\xcd\x9c\x1b\
\xdb\x8f\xd5\x89G=O\x9b'\xbf\xa0\xa4\x07\xf2\x9f\x85\
\x90\xbfI\x9e\xf9\xf8J\x84\xdar\x0e\xe4\xefL\xa8\x86\
\xb9\x90\x7f*\xbcz\xa1\xd6\x8b+\xc8Z\xf7\xcf\x7fN\
;\x9f\xf9[]:\xf7\xe9\x92>\xf5\x88\xee~m\xf5\
\x8f\x00\xca\xd88\xf6H\x9d|\xf4K\xb4\xb1}\x83\x96\
\xbe\xe1MC\xc8\xdf$O&\x8c\xfc}\xd6\x8a\xfc;\
\xe7)\x0c{\xa9\x15\xf9\xaf\x8b\xfc\xd3\xec\x9f\xff\x9c\xce\
\x7f\xe2/\xb4\xbf\xf3`I\xffj\x1a\xdf\x00D\xf1\xa6\
\xb6\xaf\x7f\xa1\x8e]\xfb\x95R\x14W\x17\xeai\x13\xc9\
uA\xfe\x9dr!\xffl\x1c\xf9;\x13\xaaa.\xe4\
\x9f\x0a\x87-\xd4l\x93\x93Z\x93\x89.\xdes\x97.\
\xfc\xddG\x94$\x07%c\x8b\x19\xd7\xfa7>\xec|\
\xe4\x1a\x9d\xbe\xf9\xdb\xb5q\xec\xba\xc5\x85z\xdaDr\
]\x90\x7f\xa7\x5c\xc8?\x1bG\xfe\xce\x84j\x98\x0b\xf9\
\xa7\xc2N\x84*9\xaa5\x91\x14\xe9\xc8\xd5\x8f\xd1\xc6\
\xf6\xd5z\xe0\xae?\xd3\xc1\xceC%}\xf3\xcc>\x07\
`\x81\xfc\x8f\x9cy\xa2\xaez\xd2\x0f\x22\xff\xbaq\xe4\
\xefT\xa8\x06\xb9\xd2q\xe4\xefL\xa8\x86\xb9\x90\x7f*\
\xecE\xa8rTkv\x7f\x19\x1d9\xa1\xd37=M\
\x9b\xa7\xae)\xe9\x9f'N\x12I\x93\x87\xe7(\xf9\xef\
\xe8\xd5\xb7\xea\xcc\xcd\xdf\xae(\xdelTP\xad\xbf@\
\xdd8\xf2G\xfe\xc8\x1f\xf9\x176#\x7f\xb3\xfc\xc8\xdf\
(\xd7r\xe5\x7fH4\x1a\xe9\xe4c\x9f\xac\xad+\xaf\
W\x92h\xe1\x7f\xe3E\xcf\xf9\x1f\x7f\xc4\xd3u\xf21\
/\x96\x14\xb5*(\xd8M$\xd7\x05\xf9w\xca\x85\xfc\
\xb3q\xe4\xefL\xa8\x86\xb9\x90\x7f*\xecE\xa8rT\
\xeb\xa2\xfd%\xd2\xf6\xe7?AQ\x1ck\xe7\xb3\x1f+\
\xc9q\x99\xcaO\x02<z\xd5\x93u\xf2\xd1\xc8\xbfv\
\x1c\xf9;\x15\xaaA\xaet\x1c\xf9;\x13\xaaa.\xe4\
\x9f\x0a{\x11\xaa\x1c\xd5Z\x7f\x7f9\xf1\xa8/\xd2d\
\x7f_\x17\xef\xffTa\xa6(\xa9\xf8.\x80\xadS7\
\xea\xf4\x17\xbcL\x8a\x90\x7f\xad8\xf2w*T\x83\x5c\
\xe98\xf2w&T\xc3\x5c\xc8?\x15\xf6\x22T9\xaa\
\xb5\xf9\xfe\xb2}\xc3\x17k\xe3\xc4\x99\x5c\xcb\xe1;\xff\
q\xf2\xf0\xf0\xf4\x7f\xd1\xc6\xb6N\xdf\xfcm\x8a\xe2\x91\
yA\xb5\xe3\xc8\x1f\xf9#\x7f\xe4_\xd8\x8c\xfc\xcd\xf2\
#\x7f\xa3\x5c\xe1\xc9_\x92\xa2(\xd6\xa9\xc7\xde\xa2h\
\xb45\xfd\xb9\xbf&\x9a\xfe\xb9\xe0\x1d\x80HW\xdc\xf4\
\x8f4\xda8\xd5KA\xb5\xe2\xc8\x1f\xf9#\x7f\xe4_\
\xd8\x8c\xfc\xcd\xf2#\x7f\xa3\x5ca\xca\xff\x90x\xbc\xa5\
S\x8fy\xa2\xa4\xfcw\xfb\xc4\xf3\xbf\x15x\xec\x9a[\
\xb5u\xfaq\xbd\x16T\x19G\xfe\xc8\x1f\xf9#\xff\xc2\
f\xe4o\x96\x1f\xf9\x1b\xe5\x0a[\xfe\x87l\x9e\xbcR\
G\xce|^\xee)\x80\xcc;\x00\xf1\xf8\xa8N\xdd\xf0\
\xf7\x97RPxBm8\x07\xf2w*T\x83\x5c\xe9\
8\xf2w&T\xc3\x5c\xc8?\x15\xf6\x22T9\xaa\xd5\
v\x7f\xd9\xbe\xfefE\xa3\x8dLK\xe6\x1d\x80\xedG\
=[\xf1\xc6\xf6\xd2\x0a\xca\x87\x90\xbfI\x9eL\x18\xf9\
\xfb\xac\x15\xf9w\xceS\x18\xf6R+\xf2G\xfeFy\
\x1e&\xde\xd8\xd2\xf1\xeb\x1e\xad\xe4\xe1h\xa2\xd4;\x00\
\xf1\xf8\x98N<\xe2iK-(\x1bB\xfe&y2\
a\xe4\x9f]\x98\x9ej5\xcc\xefi\xdd\x22\x7f\xe4\x9f\
9D\xfe\x9d\xf2\xccq\xec\xea\x1b\x14\x8f7\xa7\xc7\xd3\
w\x00N|\xdeW)\x1am\xe6\x06\xf4]\x10\xf2\x9f\
\xef\x82\xfc\xcd\xf2/\x5c\x98-\xe7@\xfe\xce\x84j\x98\
\x0b\xf9\xa7\xc2^\x84*G\xb5\xf6\xeb\xdah4\xd2\xd1\
\xab\xaf\x9f\xfb\x1d\x80(\xd2\x89G|\xf9J\x0aB\xfe\
Fy2a\xe4\x8f\xfc\xcb\x9a\x03]\xb7\xc8\x1f\xf9g\
\x0e\x91\x7f\xa7<\xa5\xa1D\xc7\xae~\xa4\x0e?\xdc/\
N$\x1d9}\xb3F\x9b\xa7\xf2\x83\x90\x7f*\x84\xfc\
M\xf2\xcc\xc7\x91\xbfM\x9e\xf9\xb8\xa7u\x8b\xfc\x91\x7f\
\xe6\x10\xf9w\xcaS\x1a\xba\xfc\x87\xd1\xe6\x11mn\x9f\
\x99\xbd\x03p\xec\xea'\xaf\xa0 \xe4o\x92'\x13F\
\xfe\x95\xff\xec]\xe6@\xfe\xce\x84j\x98\x0b\xf9\xa7\xc2\
^\x84*G\xb5.O\xfe\x87\x1c\xbd\xf2\xf2\xb7\xfa\x8e\
\x93$\xd1\xd137-\xb9 \xe4o\x92'\x13F\xfe\
\x8b\x17f\xcb9\x90\xbf3\xa1\x1a\xe6B\xfe\xa9\xb0\x17\
\xa1\xcaQ\xad\xcb\x97\xbf$m\x9d\xbaR\x89\xa4x\xe3\
\xd85\x1am\x9e^bA\xc8\xdf$O&\x8c\xfc\x91\
\x7fYs\xa0\xeb\x16\xf9#\xff\xcc!\xf2\xef\x94\xa74\
T<f\xb4\xb9\xa5\xf1\x91c\x8a\x8f\x9c\xbcq\x89\x05\
!\x7f\x93<\x990\xf2G\xfee\xcd\x81\xae[\xe4\x8f\
\xfc3\x87\xc8\xbfS\x9e\xd2P\xf5\x98\xcd\xed3\x8a\xc7\
\xc7\xae]RA\xc8\xdf$O&\x8c\xfc+\xff\xd9\xbb\
\xcc\x81\xfc\x9d\x09\xd50\x17\xf2O\x85\xbd\x08U\x8ej\
]\xbd\xfc%i|\xe4\x98\xc6\x1bG\xafYBA\xc8\
\xdf$O&\x8c\xfc\x17_\xec-\xe7@\xfe\xce\x84j\
\x98\x0b\xf9\xa7\xc2^\x84*G\xb5\x86!\x7fI\xda8\
z\x5c\xf1\xc6\xd1+|m\x22\xb9.\xc8\xbfS.\xe4\
\x9f\x8d#\x7fgB5\xcc\x85\xfcSa/B\x95\xa3\
Z\xc3\x91\xbf$\x8d\xb6\x8e*\x8eGGz,\x08\xf9\
\x9b\xe4\xc9\x84\x91?\xf2/k\x0et\xdd\x22\x7f\xe4\x9f\
9D\xfe\x9d\xf2\x94\x86\x9a\xe5\x8aG#\xc5Q\xee\x06\
 \xd0M$\xd7\x05\xf9w\xca\xe5^\xfeU\x84V+\
\xf2\xef\x9c\xa70\xec\xa5V\xe4\x8f\xfc\x8d\xf2\x94\x86\x9a\
\xe7\x8aFc\x8d\xe3x\xa3V\xe7f\x05!\x7f\x93<\
\x990\xf2_|\xb1\xb7\x9c\x03\xf9;\x13\xaaa.\xe4\
\x9f\x0a{\x11\xaa\x1c\xd5\x1a\xa6\xfc%)\x8eG\x8a\x15\
E\xc6\x05!\x7f\x93<\x990\xf2G\xfee\xcd\x81\xae\
[\xe4\x8f\xfc3\x87\xc8\xbfS\x9e\xd2P\x87\x5cQt\
\xf8u\xc0\x81n\x22\xb9.\xc8\xbfS.\xe4\x9f\x8d#\
\x7fgB5\xcc\x85\xfcSa/B\x95\xa3Z\x03\x97\
\xff\xc3\xc4\xc1n\x22\xb9.\xc8\xbfS.\xf7\xf2\xaf\x22\
\xb4Zf\x8f\xe80\x00\x00 \x00IDAT\x91\x7f\
\xe7<\x85a/\xb5\x22\x7f\xe4o\x94\xa74dS\xeb\
\xd8\xa6 \xe4o\x92'\x13F\xfe\x8b/\xf6\x96s \
\x7fgB5\xcc\x85\xfcSa/B\x95\xa3Z\xfd\xc8\
_J\x0e\x7f\x04\xd0\xa5 \xe4o\x92'\x13F\xfe\xc8\
\xbf\xac\x19\xf9w\x9e\x03\xf9;\x12\xaa\x1c\xd5\xeaK\xfe\
\x92\xe6o\x00\xbc\x08\xb5\xe1\x1c\xc8\xdf\xa9\xfc\xab\x08\xad\
V\xe4\xdf9Oa\xd8K\xad\xc8\x1f\xf9\x1b\xe5)\x0d\
\xd9\xaf\x858\x17\xac]\x10\xf27\xc9\x93\x09#\x7f\x9f\
\xb5\x22\xff\xcey\x0a\xc3^jE\xfe\xc8\xdf(Oi\
\xa8\x9f\xb50nW\x10\xf27\xc9\x93\x09#\xff\xc5\x17\
{\xcb9\x90\xbf3\xa1\x1a\xe6B\xfe\xa9\xb0\x17\xa1\xca\
Q\xad~\xe5/5}\x0a\x00\xf9#\x7f\xe4\x8f\xfc\x0b\
\x9b\x91\xbfY~\xe4o\x94\x0b\xf9\xe7\xe2s\xcd\x05\xbf\
\x04XU\x10\xf27\xc9\x93\x09#\xff\xca\x7f\xf6.s\
 \x7fgB5\xcc\x85\xfcSa/B\x95\xa3Z\xfd\
\xcb_J\x8a\x1e\x03\x0cM\xa8\x0d\xe7@\xfeN\xe5o\
|.\x90\xbf3\xa1\x1a\xe6B\xfe\xa9\xb0\x17\xa1\xcaQ\
\xad\xc3\x90\xbfT\xe7)\x00\xe4\x8f\xfc\x91?\xf2/l\
F\xfef\xf9\x91\xbfQ.\xe4\x9f\x8bW\xac\x85\xea\xa7\
\x00\x90?\xf2\xef]\xa8U\x84V+\xf2\xef\x9c\xa70\
\xec\xa5V\xe4\x8f\xfc\x8d\xf2\x94\x86\x96\xbb\x16\xca\x9f\x02\
@\xfe\xc8\x7feBm9\x07\xf2w&T\xc3\x5c\xc8\
?\x15\xf6\x22T9\xaaux\xf2\x97\xca\x9e\x02@\xfe\
\xc8\x1f\xf9#\xff\xc2f\xe4o\x96\x1f\xf9\x1b\xe5B\xfe\
\xb9x\xcd\xb5\x90\x7f\x0a\x00\xf9#\x7f\xe4\x8f\xfc\x0b\x9b\
\x91\xbfY~\xe4o\x94\x0b\xf9\xe7\xe2\x0d\xd6B\x9c\xef\
\x87\xfcM\xf2d\xc2\xc8\xbf\xf2\x9f\xbd\xcb\x1c\xc8\xdf\x99\
P\x0ds!\xffT\xd8\x8bP\xe5\xa8\xd6a\xcb_J\
\x7f\x1b \xf2G\xfe+\x13j\xcb9\x90\xbf3\xa1\x1a\
\xe6B\xfe\xa9\xb0\x17\xa1\xcaQ\xad\xc3\x97\xbft\xf8#\
\x00\xe4\x8f\xfc\x91?\xf2/lF\xfef\xf9\x91\xbfQ\
.\xe4\x9f\x8b\xb7\x5c\x0b1\xf2\x9f\xef\x82\xfc\xcd\xf2W\
\x9d\x82.s \x7fgB5\xcc\x85\xfcSa/B\
\x95\xa3Z\xd7G\xfe\x924F\xfeFy2a\xe4\xbf\
\xf8bo9\x07\xf2w&T\xc3\x5c\xc8?\x15\xf6\x22\
T9\xaau\xbd\xe4/5\xf9.\x80\xbaq\xe4_\xd2\
\xbf\xe3\x1c\xc8\x1f\xf9OCam\x22\xc8\xbf\x22\x8e\xfc\
\x8dr!\xff\x5c\xdc`-\x14\xdc\x00 \xff\xd6q\xe4\
_\xfd\xcf\xdee\x0e\xe4\xefL\xa8\x86\xb9\x90\x7f*\xec\
E\xa8rT\xebz\xca_\xd2\xfc\x97\x01!\xff\xd6q\
\xe4_\xe3bo9\x07\xf2w&T\xc3\x5c\xc8?\x15\
\xf6\x22T9\xaau}\xe5/-\xfa.\x80\xbaq\xe4\
_\xd2\xbf\xe3\x1c\xc8\x1f\xf9OC\xe1n\x22\xf9\xb0\x97\
Z\x91?\xf27\xcaS\x1a\x0a{-\xc4\x9d\x93 \xff\
\x92\xfe\x1d\xe7@\xfe\xc8\x7f\x1a\x0a{\x13\xc9\x86\xbd\xd4\
\x8a\xfc\x91\xbfQ\x9e\xd2P\xf8k\xa1\xf8\xbb\x00\xea&\
A\xfe%\xfd;\xce\xe1R\xfeU\x84V+\xf2\xef\x9c\
\xa70\xec\xa5V\xe4\x8f\xfc\x8d\xf2\x94\x86\x1c\xac\x85$\
\xf7;\x00\x0d\x92 \xff\x92\xfe\x1d\xe7p)\x7f\xe3s\
\x81\xfc\x9d\x09\xd50\x17\xf2O\x85\xbd\x08U\x8ejE\
\xfe\xb3P\xdb\xa7\x00\x90\x7fI\xff\x8es \x7f\xe4?\
\x0d9\xd8D\xa6a/\xb5\x22\x7f\xe4o\x94\xa74\xe4\
`-\xa4\xd6l\x5c\xd0R\x9d\x04\xf9\x97\xf4\xef8\x87\
K\xf9W\x11Z\xad\xc8\xbfs\x9e\xc2\xb0\x97Z\x91?\
\xf27\xcaS\x1ar\xb0\x16\xe6\xd6\xecx\xae\xa5:\x09\
\xf2/\xe9\xdfq\x0e\x97\xf27>\x17\xc8\xdf\x99P\x0d\
s!\xffT\xd8\x8bP\xe5\xa8V\xe4?\x0be\xe3\xf5\
\x9f\x02@\xfe%\xfd;\xce\x81\xfc\x91\xff4\xe4`\x13\
\x99\x86\xbd\xd4\x8a\xfc\x91\xbfQ\x9e\xd2\x90\x83\xb5P\xb2\
f\xeb=\x05\x80\xfcK\xfaw\x9c\x03\xf9#\xffi\xc8\
\xc1&2\x0d{\xa9\x15\xf9#\x7f\xa3<\xa5!\x07k\
\xa1b\xcd.\xfe.\x00\xe4_\xd2\xbf\xe3\x1c.\xe5_\
Eh\xb5\x22\xff\xcey\x0a\xc3^jE\xfe\xc8\xdf(\
Oi\xc8\xc1ZX\xb0f\x0b\x1e\x03D\xfe\xb30\xf2\
_|\xb1\xb7\x9c\x03\xf9;\x13\xaaa.\xe4\x9f\x0a{\
\x11\xaa\x1c\xd5\x8a\xfcg\xa1\xea\xfe\xe5O\x01 \xff\x92\
\xfe\x1d\xe7@\xfe\xc8\x7f\x1ar\xb0\x89L\xc3^jE\
\xfe\xc8\xdf(Oi\xc8\xc1Z\xa8\xb9f\x8b\xbf\x0b\x00\
\xf9\x97\xf4\xef8\x87K\xf9W\x11Z\xad\xc8\xbfs\x9e\
\xc2\xb0\x97Z\x91?\xf27\xcaS\x1ar\xb0\x16\x1a\xac\
\xd9q.\x88\xfcK\xfaw\x9c\xc3\xa5\xfc\x8d\xcf\x05\xf2\
w&T\xc3\x5c\xc8?\x15\xf6\x22T9\xaa\x15\xf9\xcf\
B\xf5\xfbg\x9f\x02@\xfe%\xfd;\xce\x81\xfc\x91\xff\
4\xe4`\x13\x99\x86\xbd\xd4\x8a\xfc\x91\xbfQ\x9e\xd2\x90\
\x83\xb5\xd0b\xcd\xc6\xc5\xed\xc8\xbfS.\xf7\xf2\xaf\x22\
\xb4Z\x91\x7f\xe7<\x85a/\xb5\x22\x7f\xe4o\x94\xa7\
4\xe4`-\xb4\x5c\xb3\xe3|;\xf2\xef\x94\xcb\xbd\xfc\
\x8d\xcf\x05\xf2w&T\xc3\x5c\xc8?\x15\xf6\x22T9\
\xaa\x15\xf9\xcfB\xed\xf2\xc4\xc8\x1f\xf9#\xff\xb2f\xe4\
\xdfy\x0e\xe4\xefH\xa8rT+\xf2\x9f\x85\xda\xe7)\
~\x0a`\x85\x05\x95\xc6\x91?\xf2G\xfe\xc8_B\xfe\
\x99C\xe4\xdf)Oi\xc8\xc1Z0X\xb3\x0b\xbe\x0b\
`\xf9\x05\x15\xc6\x91\x7f\xcfB\xad\x22\xb4Z\x91\x7f\xe7\
<\x85a/\xb5\x22\x7f\xe4o\x94\xa74\xe4`-\x18\
\xad\xd91\xf2\xef\x98\xcb\xbd\xfc\x8d\xcf\x05\xf2w&T\
\xc3\x5c\xc8?\x15\xf6\x22T9\xaa\x15\xf9\xcfB6u\
\x96|\x17\xc0\xea\x0aB\xfesq\xe4o\x93g>\x8e\
\xfc\x9d\xd5\x8a\xfc\x91\xbfQ\x9e\xd2\x90\x83\xb5`\xbaf\
\xeb|\x19\xd0R\x0bB\xfe\x99x\xafB\xad\x22\xb4Z\
\x91\x7f\xe7<\x85a/\xb5\x22\x7f\xe4o\x94\xa74\xe4\
`-\x18\xcb_Z\xf4e@K-\x08\xf9g\xe2+\
\x11j\xcb9\x90\xbf3\xa1\x1a\xe6B\xfe\xa9\xb0\x17\xa1\
\xcaQ\xad\xc8\x7f\x16\xb2\x95\xbfT\xf5e@K-\x08\
\xf9g\xe2\xc8\xdf&\xcf|\x1c\xf9;\xab\x15\xf9#\x7f\
\xa3<\xa5!\x07k\xa1'\xf9+\xa9\xf5\x18 \xf2/\
\x8c\xbb\x94\x7f\x15\xa1\xd5\x8a\xfc;\xe7)\x0c{\xa9\x15\
\xf9#\x7f\xa3<\xa5!\x07k\xa1G\xf9K\x0b\x1f\x03\
D\xfe\x85q\xb7\xf2\xf7R+\xf2\xef\x9c\xa70\xec\xa5\
V\xe4\x8f\xfc\x8d\xf2\x94\x86\x1c\xac\x85\x9e\xe5/U>\
\x06\x88\xfc\x0b\xe3\x83\x12j\xcb9\x90\xbf3\xa1\x1a\xe6\
B\xfe\xa9\xb0\x17\xa1\xcaQ\xad\xc8\x7f\x16\xeaW\xfeR\
\x93\xa7\x00\x90?\xf2G\xfe\xa9\x90\x83Md\x1a\xf6R\
+\xf2G\xfeFyJC\x0e\xd6\xc2\x92\xe4/%E\
7\x00\xc8\xbf0\xeeR\xfeU\x84V+\xf2\xef\x9c\xa7\
0\xec\xa5V\xe4\x8f\xfc\x8d\xf2\x94\x86\x1c\xac\x85%\xca\
_\xd2\xfcc\x80\xc8\xbf0\xeeR\xfe\xc6\xe7\x02\xf9;\
\x13\xaaa.\xe4\x9f\x0a{\x11\xaa\x1c\xd5\x8a\xfcg\xa1\
\xe5\xc9_Z\xf4\x14\x00\xf2G\xfe\xc8?\x15r\xb0\x89\
L\xc3^jE\xfe\xc8\xdf(Oi\xc8\xc1ZX\x81\
\xfc\xa5\xaa\xa7\x00\x90\xbfS\xf9W\x11Z\xad\xc8\xbfs\
\x9e\xc2\xb0\x97Z\x91?\xf27\xcaS\x1ar\xb0\x16V\
$\x7f\xa9\xec)\x00\xe4\xefT\xfe\xc6\xe7\x02\xf9;\x13\
\xaaa.\xe4\x9f\x0a{\x11\xaa\x1c\xd5\x8a\xfcg\xa1\xd5\
\xc8_*z\x0a\x00\xf9#\x7f\xe4\x9f\x0a9\xd8D\xa6\
a/\xb5\x22\x7f\xe4o\x94\xa74\xe4`-\xacX\xfe\
\xd2\xfcS\x00\xc8\x1f\xf9#\xffT\xc8\xc1&2\x0d{\
\xa9\x15\xf9#\x7f\xa3<\xa5!\x07k!\x00\xf9K\xe9\
w\x00\x90\xbfS\xf9W\x11Z\xad\xc8\xbfs\x9e\xc2\xb0\
\x97Z\x91?\xf27\xcaS\x1ar\xb0\x16\x02\x91\xbft\
\xf8\x18 \xf2w*\x7f\xe3s\x81\xfc\x9d\x09\xd50\x17\
\xf2O\x85\xbd\x08U\x8ejE\xfe\xb3P\x18\xf2\x97\xa4\
\x18\xf9\xcfw\x09\xfc\x82G\xfe\xc8\x7f\x1a\xf6R+\xf2\
G\xfeFyJC\x0e\xd6B`\xf2\x97\xa4\x18\xf9\x1b\
\xe5\x99\x8f\xf7*\xd4*B\xab\x15\xf9w\xceS\x18\xf6\
R+\xf2G\xfeFyJC\x0e\xd6B\x80\xf2\x97r\
\x9f\x04\xd8\xb6 \xe4\x9f\x89\xafD\xa8-\xe7@\xfe\xce\
\x84j\x98\x0b\xf9\xa7\xc2^\x84*G\xb5\x22\xffY(\
<\xf9Ku\xbf\x0b\xa0n\x1c\xf9#\x7f\xe4\x8f\xfc%\
\xe4\x9f9D\xfe\x9d\xf2\x94\x86\x1c\xac\x85\x80\xe5/\xe5\
>\x07 0\xa1\x22\xff\xeak\xa1\xcb\x1c\xc8\xdf\x99P\
\x0ds!\xffT\xd8\x8bP\xe5\xa8V\xe4?\x0b\x85+\
\x7f)\xf3#\x80\xc0\x84\x8a\xfck\x5c\xec-\xe7@\xfe\
\xce\x84j\x98\x0b\xf9\xa7\xc2^\x84*G\xb5\x22\xffY\
(l\xf9KU\xdf\x05P7\x8e\xfc\x91?\xf2G\xfe\
\x12\xf2\xcf\x1c\x22\xffNyJC\x0e\xd6\x82\x13\xf9K\
]\x9f\x02@\xfe\xc8\x1f\xf9#\x7f\x09\xf9g\x0e\x91\x7f\
\xa7<\xa5!\x07k\xc1\x91\xfc\x95\x14}\x17@\xdd$\
\xc8\xbfg\xa1V\x11Z\xad\xc8\xbfs\x9e\xc2\xb0\x97Z\
\x91?\xf27\xcaS\x1ar\xb0\x16\x9c\xc9_J\x8a\x1e\
\x03D\xfe\xb5\xe2+\x11j\xcb9\x90\xbf3\xa1\x1a\xe6\
B\xfe\xa9\xb0\x17\xa1\xcaQ\xad\xc8\x7f\x16\xf2%\x7f\xa9\
\xcdS\x00\xc8\x1f\xf9#\x7f\xe4/!\xff\xcc!\xf2\xef\
\x94\xa74\xe4`-8\x95\xbf\x94\xb9\x01@\xfe\xb5\xe2\
\xbd\x0a\xb5\x8a\xd0jE\xfe\x9d\xf3\x14\x86\xbd\xd4\x8a\xfc\
\x91\xbfQ\x9e\xd2\x90\x83\xb5\xe0X\xfe\xd2\xf41@\xe4\
_+\xbe\x12\xa1\xb6\x9c\x03\xf9;\x13\xaaa.\xe4\x9f\
\x0a{\x11\xaa\x1c\xd5\x8a\xfcg!\xbf\xf2\x97\xea>\x05\
\x80\xfc\x91?\xf2G\xfe\x12\xf2\xcf\x1c\x22\xffNyJ\
C\x0e\xd6\xc2\x00\xe4/\xd5y\x0a\x00\xf9#\x7f\xe4\x8f\
\xfc%\xe4\x9f9D\xfe\x9d\xf2\x94\x86\x1c\xac\x85\x81\xc8\
_Z\xf4]\x00\xc8\xbfg\xa1V\x11Z\xad\xc8\xbfs\
\x9e\xc2\xb0\x97Z\x91?\xf27\xcaS\x1ar\xb0\x16\x06\
$\x7f)\xf7m\x80\xc8?\x13_\x89P[\xce\x81\xfc\
\x9d\x09\xd50\x17\xf2O\x85\xbd\x08U\x8ejE\xfe\xb3\
\xd0p\xe4/\x95=\x05\x80\xfc\x91?\xf2G\xfe\x12\xf2\
\xcf\x1c\x22\xffNyJC\x0e\xd6\xc2\x00\xe5/\x15}\
\x17\x00\xf2\xefY\xa8U\x84V+\xf2\xef\x9c\xa70\xec\
\xa5V\xe4\x8f\xfc\x8d\xf2\x94\x86\x1c\xac\x85\x81\xca_\x92\
\xc6\xc8\x7f.\xbe\x12\xa1\xb6\x9c\x03\xf9;\x13\xaaa.\
\xe4\x9f\x0a{\x11\xaa\x1c\xd5\x8a\xfcg\xa1a\xca_J\
\xff\x08\x00\xf9#\x7f\xe4\x8f\xfc%\xe4\x9f9D\xfe\x9d\
\xf2\x94\x86\x1c\xac\x85\x81\xcb_:|\x0a\x00\xf9\xf7,\
\xd4*B\xab\x15\xf9w\xceS\x18\xf6R+\xf2G\xfe\
FyJC\x0e\xd6\xc2\x1a\xc8_\x92\xc6\xc8\x7fUB\
m9\x07\xf2w&T\xc3\x5c\xc8?\x15\xf6\x22T9\
\xaa\x15\xf9\xcfB\xc3\x97\xbf\xd4\xf4\xbb\x00\xea\xc4\x91?\
\xf2/m^\xfd\x05_\x18G\xfe\xc8?s\x88\xfc;\
\xe5)\x0d9X\x0bk$\x7f\xa9\xe8)\x80\xb6\xc5H\
\xc8?s\x88\xfcMr\xe5B\x0e6\x91i\xd8K\xad\
\xc8\x1f\xf9\x1b\xe5)\x0d9X\x0bk&\x7f\xa9\xeew\
\x01\xd4\x89#\xff\xeak\xa1\xcb\x1c\xc8\xdf\x99P\x0ds\
!\xffT\xd8\x8bP\xe5\xa8V\xe4?\x0b\xad\x97\xfc\xa5\
\xdc'\x01\xb6K\x82\xfc\xd3\x87\xc6\xe7\x02\xf9;\x13\xaa\
a.\xe4\x9f\x0a{\x11\xaa\x1c\xd5\x8a\xfcg\xa1\xf5\x93\
\xbf\xb4\xe8\xbb\x00\xea\xc4\x91?\xf2/m\x0e\xef\x82/\
nF\xfef\xf9\x91\xbfQ.\xe4\x9f\x8b\x07/\xd4T\
[\xf0\xb5^\x8e\xc7E\xc1\xdaI\x90\x7f\xf5\xb5\xd0e\
\x0e\xe4\xefL\xa8\x86\xb9\x90\x7f*\xecE\xa8rT+\
\xf2\x9f\x85\xd6W\xfeR\xe6G\x00\xc8\xbfq|\xe1\xc5\
\xder\x0e\xe4\xefL\xa8\x86\xb9\x90\x7f*\xecE\xa8r\
T+\xf2\x9f\x85\xd6[\xfeJ\xda>\x05\x80\xfc\x91\x7f\
is\xa0\x17<\xf2G\xfe\x99C\xe4\xdf)Oi\xc8\
\xc1Z@\xfe\xd3?6\x7f\x0a\x00\xf9W_\x0b]\xe6\
@\xfe\xce\x84j\x98\x0b\xf9\xa7\xc2^\x84*G\xb5\x22\
\xffY\x08\xf9\x1fR\xf0K\x80\x15I\x90\xbf\xd3Z\x91\
\x7f\xe7<\x85a/\xb5\x22\x7f\xe4o\x94\xa74\xe4`\
- \xff\xdc\x9a-x\x0c\x10\xf9\x97\xc6\x17^\xec-\
\xe7@\xfe\xce\x84j\x98\x0b\xf9\xa7\xc2^\x84*G\xb5\
\x22\xffY\x08\xf9\xcf\x1f\xd4{\x0a\x00\xf9#\xff\xd2\xe6\
@/x\xe4\x8f\xfc3\x87\xc8\xbfS\x9e\xd2\x90\x83\xb5\
\x80\xfcK\xd7\xec\xe2\xef\x02@\xfe\xd5\xd7B\x979\x90\
\xbf3\xa1\x1a\xe6B\xfe\xa9\xb0\x17\xa1\xcaQ\xad\xc8\x7f\
\x16B\xfee\xfd\xc7\x95I\x90\x7f\x8d\x8b\xbd\xe5\x1c\xc8\
\xdf\x99P\x0ds!\xffT\xd8\x8bP\xe5\xa8V\xe4?\
\x0b!\xff\xaa\xfe\xe5O\x01 \x7f\xe4_\xda\x1c\xe8\x05\
\x8f\xfc\x91\x7f\xe6\x10\xf9w\xcaS\x1ar\xb0\x16\x90\x7f\
\xad5[\xfc\x14\x00\xf2\xaf\xbe\x16\xba\xcc\x81\xfc\x9d\x09\
\xd50\x17\xf2O\x85\xbd\x08U\x8ejE\xfe\xb3\x10\xf2\
\xaf\xd3?\xff\x14\x00\xf2\xafq\xb1\xb7\x9c\x03\xf9;\x13\
\xaaa.\xe4\x9f\x0a{\x11\xaa\x1c\xd5\x8a\xfcg!\xe4\
_\xb7\x7f\xf6\x1d\x00\xe4\x8f\xfcK\x9b\x03\xbd\xe0\x91?\
\xf2\xcf\x1c\x22\xffNyJC\x0e\xd6\x02\xf2o\xbcf\
g7\x00\xc8\x1f\xf9\x976\x07z\xc1#\x7f\xe4\x9f9\
D\xfe\x9d\xf2\x94\x86\x1c\xac\x05\xe4\xdfj\xcd^\xbe\x01\
@\xfe\xd5\xd7B\x979\x90\xbf3\xa1\x1a\xe6B\xfe\xa9\
\xb0\x17\xa1\xcaQ\xad\xc8\x7f\x16B\xfem\xf2\x8c\x91\x7f\
\xfa\xd0\xf8\x5c \x7fgB5\xcc\x85\xfcSa/B\
\x95\xa3Z\x91\xff,\x84\xfc\xdb\xe6)\xf9.\x80\xd5\x15\
\x14\x9eP[\xce\x81\xfc\x9d\x09\xd50\x17\xf2O\x85\xbd\
\x08U\x8ejE\xfe\xb3\x10\xf2\xef\x92\xa7\xd9\x97\x01\x0d\
V\xfeU\x84V+\xf2\xef\x9c\xa70\xec\xa5V\xe4\x8f\
\xfc\x8d\xf2\x94\x86\x1c\xac\x05\xe4o\xb2f\xeb\x7f\x19\xd0\
`\xe5_\xe3\xa2h\x12G\xfe\xce\x84j\x98\x0b\xf9\xa7\
\xc2^\x84*G\xb5\x22\xffY\x08\xf9[\xe4\xa9\xf7e\
@\xc8\xbf^\x1c\xf9;\x13\xaaa.\xe4\x9f\x0a{\x11\
\xaa\x1c\xd5\x8a\xfcg!\xe4o\x92Gu\xbe\x0ch\xb0\
\xf2\xaf\x22\xb4Z\x91\x7f\xe7<\x85a/\xb5\x22\x7f\xe4\
o\x94\xa74\xe4`- \x7f\xf35\x1b\x87V\xd04\
\xde\xbb\xfc\xbd\xd4\x8a\xfc;\xe7)\x0c{\xa9\x15\xf9#\
\x7f\xa3<\xa5!\x07k\x01\xf9\xf7\xb2f\xc7\xa1\x15\xb4\
:\xa1\xb6\x9c\x03\xf9;\x13\xaaa.\xe4\x9f\x0a{\x11\
\xaa\x1c\xd5\x8a\xfcg!\xe4o\x92g\x8e\xf6O\x01 \
\x7f\xe4?\x0d9\xd8D\xa6a/\xb5\x22\x7f\xe4o\x94\
\xa74\xe4`- \xff\xde\xe4\xaf\xa4\xf01\xc0\xa1\xca\
\xbf\x8a\xd0jE\xfe\x9d\xf3\x14\x86\xbd\xd4\x8a\xfc\x91\xbf\
Q\x9e\xd2\x90\x83\xb5\x80\xfc{\x95\xbf\x94{\x0cp\xa8\
\xf2\xafqQ4\x89#\x7fgB5\xcc\x85\xfcSa\
/B\x95\xa3Z\x91\xff,\x84\xfcM\xf2\xe4\x9afm\
\xcd\x9e\x02@\xfe\xc8\x7f\x1ar\xb0\x89L\xc3^jE\
\xfe\xc8\xdf(Oi\xc8\xc1Z@\xfeK\x91\xbf\xd4\xe4\
)\x00\x97\xf2\xaf\x22\xb4Z\x91\x7f\xe7<\x85a/\xb5\
\x22\x7f\xe4o\x94\xa74\xe4`- \xff\xa5\xc9_\xaa\
\xfb\x14\x80K\xf9\xd7\xb8(\x9a\xc4\x91\xbf3\xa1\x1a\xe6\
B\xfe\xa9\xb0\x17\xa1\xcaQ\xad\xc8\x7f\x16B\xfe&y\
rM\xc5m\x8b\x9f\x02@\xfe\xc8\x7f\x1ar\xb0\x89L\
\xc3^jE\xfe\xc8\xdf(Oi\xc8\xc1Z@\xfeK\
\x97\xbf\xb4\xe8)\x00\xe4\x8f\xfc\xa7!\x07\x9b\xc84\xec\
\xa5V\xe4\x8f\xfc\x8d\xf2\x94\x86\x1c\xac\x05\xe4\xbf\x12\xf9\
KU\xdf\x05\xe0R\xfeU\x84V+\xf2\xef\x9c\xa70\
\xec\xa5V\xe4\x8f\xfc\x8d\xf2\x94\x86\x1c\xac\x05\xe4\xbf2\
\xf9K\x99\xc7\x00\xbd\xcb\xbf\xc6E\xd1$\x8e\xfc\x9d\x09\
\xd50\x17\xf2O\x85\xbd\x08U\x8ejE\xfe\xb3\x10\xf2\
7\xc9\x93k\xaa7&\xff\x14\x00\xf2G\xfe\xd3\x90\x83\
Md\x1a\xf6R+\xf2G\xfeFyJC\x0e\xd6\x02\
\xf2_\xb9\xfc%)\xf6/\xff*B\xab\x15\xf9w\xce\
S\x18\xf6R+\xf2G\xfeFyJC\x0e\xd6\x02\xf2\
\x0fB\xfeR\xfaG\x00.\xe5_\xe3\xa2h\x12G\xfe\
\xce\x84j\x98\x0b\xf9\xa7\xc2^\x84*G\xb5\x22\xffY\
\x08\xf9\x9b\xe4\xc955\xcf\x15\xf7W\x10\xf2G\xfeE\
\xcd\xc8\xdf,?\xf27\xca\x85\xfcs\xf1\xe0\x85\x9aj\
\x0b\xbe\xd60\xe5/I\xb1O\xf9W\x11Z\xad\xc8\xbf\
s\x9e\xc2\xb0\x97Z\x91?\xf27\xcaS\x1ar\xb0\x16\
\x90\x7fp\xf2\x97\xca\x9e\x02\xe8T\xd0\xaa\x84\xdar\x0e\
\xe4\xefL\xa8\x86\xb9\x90\x7f*\xecE\xa8rT+\xf2\
\x9f\x85\x90\xbfI\x9e\x5cS\xb7\x5c\xf5\xbf\x0b\xa0n\x1c\
\xf9\xdb\xe4\x99\x8f#\x7fg\xb5\x22\x7f\xe4o\x94\xa74\
\xe4`- \xff`\xe5/\xcd?\x05\xd0\xa9 \xe4\x8f\
\xfc\x8b\x9a\x91\xbfY~\xe4o\x94\x0b\xf9\xe7\xe2\xc1\x0b\
5\xd5\x16|\xad>\xe4/\xd5\xf9.\x80\xba\xf1^\x85\
ZEh\xb5\x22\xff\xcey\x0a\xc3^jE\xfe\xc8\xdf\
(Oi\xc8\xc1Z@\xfe\xc1\xcb_J\xd2\xbf\x03\xd0\
>\xc9j\x84\xdar\x0e\xe4\xefL\xa8\x86\xb9\x90\x7f*\
\xecE\xa8rT+\xf2\x9f\x85\x90\xbfI\x9e\x5c\x93m\
\xad\xe5\xdf\x05P7\x8e\xfcm\xf2\xcc\xc7\x91\xbf\xb3Z\
\x91?\xf27\xcaS\x1ar\xb0\x16\x90\xbf\x1b\xf9K\x99\
\x1b\x80@.\xf8\xaak\xa1\xcb\x1c\xc8\xdf\x99P\x0ds\
!\xffT\xd8\x8bP\xe5\xa8V\xe4?\x0b!\x7f\x93<\
\xb9\xa6~j\x1d\xb7N\xb2\x12\xa1\xb6\x9c\x03\xf9;\x13\
\xaaa.\xe4\x9f\x0a{\x11\xaa\x1c\xd5\x8a\xfcg!\xe4\
o\x92'\xd7\xd4_\xad\xed\x9e\x02@\xfe6y\xe6\xe3\
\xc8\xdfY\xad\xc8\x1f\xf9\x1b\xe5)\x0d9X\x0b\xc8\xdf\
\xa5\xfc\xa56O\x01 \x7f\x9b<\xf3q\xe4\xef\xacV\
\xe4\x8f\xfc\x8d\xf2\x94\x86\x1c\xac\x05\xe4\xefV\xfeRR\
t\x03\xb0*\xa1V\x11\xc8\xe2D\xfe\xc8_B\xfe\x99\
\xc3\xc07\xbc\xcc!\xf2\xef\x9c'\x17B\xfe&yr\
M\xcb\xa9u\xee1\xc0\xd0\x84\xdar\x0e\xe4\xefL\xa8\
\x86\xb9\x90\x7f*\xecE\xa8rT+\xf2\x9f\x85\x90\xbf\
I\x9e\x5c\xd3\xf2j\xad\xf7\x14\x00\xf2\xb7\xc93\x1fG\
\xfe\xcejE\xfe\xc8\xdf(Oi\xc8\xc1Z@\xfe\x83\
\x90\xbfT\xe7\xbb\x00z\x15j\x15\x81,N\xe4\x8f\xfc\
%\xe4\x9f9\x0c|\xc3\xcb\x1c\x22\xff\xceyr!\xe4\
o\x92'\xd7\xb4\xfcZ\xc7\xe1\x09\xb5\xe5\x1c\xc8\xdf\x99\
P\x0ds!\xffT\xd8\x8bP\xe5\xa8V\xe4?\x0b!\
\x7f\x93<\xb9\xa6\xd5\xd4Z\xfe\x14\x00\xf2\xb7\xc93\x1f\
G\xfe\xcejE\xfe\xc8\xdf(Oi\xc8\xc1Z@\xfe\
\x83\x93\xbfT\xf6\x14@\xafB\xad\x22\x90\xc5\x89\xfc\x91\
\xbf\x84\xfc3\x87\x81ox\x99C\xe4\xdf9O.\x84\
\xfcM\xf2\xe4\x9aV[k\xfe)\x80\x95\x08\xb5\xe5\x1c\
\xc8\xdf\x99P\x0ds!\xffT\xd8\x8bP\xe5\xa8V\xe4\
?\x0b!\x7f\x93<\xb9\xa6\xd5\xd7\x9a}\x0a\x00\xf9\xdb\
\xe4\x99\x8f#\x7fg\xb5\x22\x7f\xe4o\x94\xa74\xe4`\
- \xffA\xcb_J?\x05\x80\xfcm\xf2\xcc\xc7\x91\
\xbf\xb3Z\x91?\xf27\xcaS\x1ar\xb0\x16\x90\xff\xe0\
\xe5/\x1d~\x17@\xafB\xad\x22\x90\xc5\x89\xfc\x91\xbf\
\x84\xfc3\x87\x81ox\x99C\xe4\xdf9O.\x84\xfc\
M\xf2\xe4\x9a\xc2\xaau\xbc\x1a\xa1\xb6\x9c\x03\xf9;\x13\
\xaaa.\xe4\x9f\x0a{\x11\xaa\x1c\xd5\x8a\xfcg!\xe4\
o\x92'\xd7\x14^\xad\xcd\xbe\x0b\xa0N\x1c\xf9#\xff\
i\xd8K\xad\xc8\x1f\xf9\x1b\xe5)\x0d9X\x0b\xc8\x7f\
\xad\xe4/\xe5>\x07\xc0r\xc3+#\x90\xc5\x89\xfc\x91\
\xbf\x84\xfc3\x87\x81ox\x99C\xe4\xdf9O.\x84\
\xfcM\xf2\xe4\x9a\xc2\xadu\x5c\x14l\x5cL\xe6\xb0\xc6\
E\xd1$\x8e\xfc\x9d\x09\xd50\x17\xf2O\x85\xbd\x08U\
\x8ejE\xfe\xb3\x10\xf27\xc9\x93k\x0a\xbb\xd6\xc5\xdf\
\x05P'\x8e\xfc\x91\xff4\xec\xa5V\xe4\x8f\xfc\x8d\xf2\
\x94\x86\x1c\xac\x05\xe4\xbf\xb6\xf2\x97\x0e\x9f\x02\xe8\x92\xa4\
\xeaZhQ\xd04\x8e\xfc\x9d\x09\xd50\x17\xf2O\x85\
\xbd\x08U\x8ejE\xfe\xb3\x10\xf27\xc9\x93k\xf2Q\
k\xf9w\x01\xd4\x89\xf7r\xf2\x90\xff,\xe4`\x13\x99\
\x86\xbd\xd4\x8a\xfc\x91\xbfQ\x9e\xd2\x90\x83\xb5\x80\xfc\xd7\
^\xfeR2\xffQ\xc0\x0d\x92,\xbc\xd8\xdb\x15\x84\xfc\
\x0fC\x0e6\x91i\xd8K\xad\xc8\x1f\xf9\x1b\xe5)\x0d\
9X\x0b\xc8\x1f\xf9?\xbc\x16\xda=\x05\x80\xfc\x91\xff\
4\xec\xa5V\xe4\x8f\xfc\x8d\xf2\x94\x86\x1c\xac\x05\xe4\x8f\
\xfcSk!\xfb]\x00u\x92T]\x0b\x06\x05u\xce\
Sx\x88\xfc;\xe7)\x0c{\xa9\x15\xf9#\x7f\xa3<\
\xa5!\x07k\x01\xf9#\xff\xb9\xb50n\x94d\xe1\xc5\
\xde\xbd\xa0Ny\x0a\x0f\x91\x7f\xe7<\x85a/\xb5\x22\
\x7f\xe4o\x94\xa74\xe4`- \x7f\xe4_\xb0\x16\xea\
?\x05\x80\xfc\x91\xff4\xec\xa5V\xe4\x8f\xfc\x8d\xf2\x94\
\x86\x1c\xac\x05\xe4\x8f\xfcK\xd6B\xbd\xa7\x00\xaa\xae\x05\
\xe3\x82\x82\xdcDJ\x9b\x03\xbd\xe0\x91?\xf2\xcf\x1c\x06\
\xbe\xe1e\x0e\x91\x7f\xe7<\xb9\x10\xf27\xc9\x93k\xf2\
Rk\xf9ZX\xfc\x14\xc0\xc2\x8b\xdd\xb6\xa0N\xf9\x91\
?\xf2\x97\x90\x7f\xe60\xf0\x0d/s\x88\xfc;\xe7\xc9\
\x85\x90\xbfI\x9e\x5c\x93\x97Z\xab\xd7B\xf5S\x00\xc8\
\x1f\xf9O\xc3^jE\xfe\xc8\xdf(Oi\xc8\xc1Z\
@\xfe\xc8\xbf\xc6Z(\x7f\x0a\x00\xf9#\xffi\xd8K\
\xad\xc8\x1f\xf9\x1b\xe5)\x0d9X\x0b\xc8\x1f\xf9\xd7\x5c\
\x0b\xc5\xdf\x05Pu-\xf4\x5cP\xe38\xf2G\xfe\x12\
\xf2\xcf\x1c\x06\xbe\xe1e\x0e\x91\x7f\xe7<\xb9\x10\xf27\
\xc9\x93k\xf2Rk\xfd\xb50n\xbe0\xfb-\xa8Q\
\x1c\xf9#\x7f\x09\xf9g\x0e\x03\xdf\xf02\x87\xc8\xbfs\
\x9e\x5c\x08\xf9\x9b\xe4\xc95y\xa9\xb5\xd9Z\x88\x8b\xfb\
 \x7f\x93\x5c\xb9\x90\x83Md\x1a\xf6R+\xf2G\xfe\
FyJC\x0e\xd6\x02\xf2G\xfe-\xd6B\xbc\xb0\xcf\
\x92\x0b\xaa\x15G\xfe\xc8_B\xfe\x99\xc3\xc07\xbc\xcc\
!\xf2\xef\x9c'\x17B\xfe&yrM^jm\xb7\
\x16\xc6\xd9>5.\x8a\x9e\x0bZ\x18G\xfe\xc8_B\
\xfe\x99\xc3\xc07\xbc\xcc!\xf2\xef\x9c'\x17B\xfe&\
yrM^jm\xbf\x16b\xe4_\xd6\x1c\xe8\x05\x8f\
\xfc\x91\x7f\xe60\xf0\x0d/s\xb8\xfa\x0doa\x1c\xf9\
;\xa8\x15\xf9g\xe2\x1d\xd6B\xc9'\x01\xae\xae\xa0\xd2\
8\xf2G\xfe\x12\xf2\xcf\x1c\x06\xbe\xe1e\x0e\xc3\xd8\xf0\
*\xe3\xc8\xdfA\xad\xc8?\x13\xef\xb8\x16\xf2O\x01\xac\
\xb8\xa0\xc28\xf2G\xfe\x12\xf2\xcf\x1c\x06\xbe\xe1e\x0e\
\xc3\xd9\xf0J\xe3\xc8\xdfA\xad\xc8?\x137X\x0b\x15\
\xef\x00\x04\xb28\x91?\xf2\x97\x90\x7f\xe60\xf0\x0d/\
s\x18\xd6\x86\x87\xfcK\xda\x82\xaf\x15\xf9g\xe2&k\
\xa1\xee\x97\x01-\xad \xe4\x9f\x8b#\x7f\xe4\x9f9\x0c\
|\xc3\xcb\x1c\x86\xb6\xe1!\xff\xc2\xb6\xe0kE\xfe\x99\
\xb8\x91\xfc\xa5\xa4\xe8\x06 \x90\xc5\x89\xfc\x91\xbf\x84\xfc\
3\x87\x81ox\x99\xc3\xd06<\xe4_\xd8\x16|\xad\
\xc8?\x137\x94\xbf\xb4\xe8\xcb\x80\x96V\x10\xf2\xcf\xc5\
\x91?\xf2\xcf\x1c\x06\xbe\xe1e\x0eC\xdb\xf0\x90\x7fa\
[\xf0\xb5\x22\xffL\xdcX\xfeR\xd5\x97\x01-\xad \
\xe4\x9f\x8b#\x7f\xe4\x9f9\x0c|\xc3\xcb\x1c\x86\xb6\xe1\
!\xff\xc2\xb6\xe0kE\xfe\x99x\x0f\xf2WR\xf6e\
@K+\x08\xf9\xe7\xe2\xc8\x1f\xf9g\x0e\x03\xdf\xf02\
\x87\xa1mx\xc8\xbf\xb0-\xf8Z\x91\x7f&\xde\x93\xfc\
%)\x0efq\x22\x7f\xe4/!\xff\xcca\xe0\x1b^\
\xe60\xb4\x0d\x0f\xf9\x17\xb6\x05_+\xf2\xcf\xc4{\x94\
\xbf\xd4\xe6)\x00\xe4\xefL\xa8\x86\xb9\x90\x7f*\xecE\
\xa8rT+\xf2\x9f\x85\x90\xbfI\x9e\x5c\x93\x97Z\xfb\
\x97\xbf\xd4\xf4)\x00\xe4\xefL\xa8\x86\xb9\x90\x7f*\xec\
E\xa8rT+\xf2\x9f\x85\x90\xbfI\x9e\x5c\x93\x97Z\
\x97#\x7f\xa9\xc9S\x00\xc8\xdf\x99P\x0ds!\xffT\
\xd8\x8bP\xe5\xa8V\xe4?\x0b!\x7f\x93<\xb9&/\
\xb5.O\xfeR\xdd\xa7\x00\x90\xbf3\xa1\x1a\xe6B\xfe\
\xa9\xb0\x17\xa1\xcaQ\xad\xc8\x7f\x16B\xfe&yrM\
^j]\xae\xfc\xa5:O\x01 \x7fgB5\xcc\x85\
\xfcSa/B\x95\xa3Z\x91\xff,\x84\xfcM\xf2\xe4\
\x9a\xbc\xd4\xba|\xf9K\x8b\x9e\x02@\xfe\xce\x84j\x98\
\x0b\xf9\xa7\xc2^\x84*G\xb5\x22\xffY\x08\xf9\x9b\xe4\
\xc95y\xa9u5\xf2\x97\xaa\x9e\x02@\xfe\xce\x84j\
\x98\x0b\xf9\xa7\xc2^\x84*G\xb5\x22\xffY\x08\xf9\x9b\
\xe4\xc95y\xa9uu\xf2\x97\xca\x9e\x02@\xfe\xce\x84\
j\x98\x0b\xf9\xa7\xc2^\x84*G\xb5\x22\xffY\x08\xf9\
\x9b\xe4\xc95y\xa9u\xb5\xf2\x97\x8a\x9e\x02@\xfe\xce\
\x84j\x98\x0b\xf9\xa7\xc2^\x84*G\xb5\x22\xffY\x08\
\xf9\x9b\xe4\xc95y\xa9u\xf5\xf2\x97\xe6\x9f\x02@\xfe\
\xce\x84j\x98\x0b\xf9\xa7\xc2^\x84*G\xb5\x22\xffY\
\x08\xf9\x9b\xe4\xc95y\xa95\x0c\xf9K\xe9\xa7\x00\x90\
\xbf3\xa1\x1a\xe6B\xfe\xa9\xb0\x17\xa1\xcaQ\xad\xc8\x7f\
\x16B\xfe&yrM^j\x0dG\xfe\xd2\xe1S\x00\
\xc8\xdf\x99P\x0ds!\xffT\xd8\x8bP\xe5\xa8V\xe4\
?\x0b!\x7f\x93<\xb9&/\xb5\x86%\x7fI\x8a\x91\
\xffa\xc8\xc1&2\x0d{\xa9\x15\xf9#\x7f\xa3<\xa5\
!\x07k\x01\xf9#\xff\x00\xe5/5\xfd.\x80:q\
\xe4\x8f\xfc%\xe4\x9f9\x0c|\xc3\xcb\x1c\x86\xb6\xe1!\
\xff\xc2\xb6\xe0kE\xfe\x99x\x80\xf2\x97\x9a|\x17@\
\x9d8\xf2G\xfe\x12\xf2\xcf\x1c\x06\xbe\xe1e\x0eC\xdb\
\xf0\x90\x7fa[\xf0\xb5\x22\xffL<P\xf9Ku\xbf\
\x0b\xa0N\x1c\xf9#\x7f\x09\xf9g\x0e\x03\xdf\xf02\x87\
\xa1mx\xc8\xbf\xb0-\xf8Z\x91\x7f&\x1e\xb0\xfc\xa5\
:\xdf\x05P'\x8e\xfc\x91\xbf\x84\xfc3\x87\x81ox\
\x99\xc3\xd06<\xe4_\xd8\x16|\xad\xc8?\x13\x0f\x5c\
\xfe\xd2\xa2\xef\x02\xa8\x13G\xfe\xc8_B\xfe\x99\xc3\xc0\
7\xbc\xccah\x1b\x1e\xf2/l\x0b\xbeV\xe4\x9f\x89\
;\x90\xbfT\xf5]\x00u\xe2\xc8\x1f\xf9K\xc8?s\
\x18\xf8\x86\x979\x0cm\xc3C\xfe\x85m\xc1\xd7\x8a\xfc\
3q'\xf2\x97\xba<\x05\x80\xfc\x91\xbf\x84\xfc3\x87\
\x81ox\x99\xc3\xd06<\xe4_\xd8\x16|\xad\xc8?\
\x13w$\x7f%m\x9f\x02@\xfe\xc8_B\xfe\x99\xc3\
\xc07\xbc\xccah\x1b\x1e\xf2/l\x0b\xbeV\xe4\x9f\
\x89;\x93\xbf\xd4\xe6)\x00\xe4\x8f\xfc%\xe4\x9f9\x0c\
|\xc3\xcb\x1c\x86\xb6\xe1!\xff\xc2\xb6\xe0kE\xfe\x99\
\xb8C\xf9KM\x9f\x02@\xfe\xc8_B\xfe\x99\xc3\xc0\
7\xbc\xccah\x1b\x1e\xf2/l\x0b\xbeV\xe4\x9f\x89\
;\x95\xbf\xd4\xe4)\x00\xe4\x8f\xfc%\xe4\x9f9\x0c|\
\xc3\xcb\x1c\x86\xb6\xe1!\xff\xc2\xb6\xe0kE\xfe\x99\xb8\
c\xf9Ku\x9f\x02@\xfe\xc8_B\xfe\x99\xc3\xc07\
\xbc\xccah\x1b\x1e\xf2/l\x0b\xbeV\xe4\x9f\x89;\
\x97\xbfT\xe7)\x00\xe4\x8f\xfc%\xe4\x9f9\x0c|\xc3\
\xcb\x1c\x86\xb6\xe1!\xff\xc2\xb6\xe0kE\xfe\x99\xf8\x00\
\xe4/-z\x0a\x00\xf9#\x7f\x09\xf9g\x0e\x03\xdf\xf0\
2\x87\xa1mx\xc8\xbf\xb0-\xf8Z\x91\x7f&>\x10\
\xf9KUO\x01 \x7f\xe4/!\xff\xcca\xe0\x1b^\
\xe60\xb4\x0d\x0f\xf9\x17\xb6\x05_+\xf2\xcf\xc4\x07$\
\x7f\xa9\xec)\x00\xe4\x8f\xfc%\xe4\x9f9\x0c|\xc3\xcb\
\x1c\x86\xb6\xe1!\xff\xc2\xb6\xe0kE\xfe\x99\xf8\xc0\xe4\
/\x15=\x05\x80\xfc\x91\xbf\x84\xfc3\x87\x81ox\x99\
\xc3\xd06<\xe4_\xd8\x16|\xad\xc8?\x13\x1f\xa0\xfc\
\xa5\xf9\xdf\x01@\xfe\xc8_B\xfe\x99\xc3\xc07\xbc\xcc\
ah\x1b\x1e\xf2/l\x0b\xbeV\xe4\x9f\x89\x0fT\xfe\
R\xfa)\x00\xe4\x8f\xfc%\xe4\x9f9\x0c|\xc3\xcb\x1c\
\x86\xb6\xe1!\xff\xc2\xb6\xe0kE\xfe\x99\xf8\x80\xe5/\
\x1d\xbe\x03\x80\xfc\x91\xbf\x84\xfc3\x87\x81ox\x99\xc3\
\xd06<\xe4_\xd8\x16|\xad\xc8?\x13\x1f\xb8\xfc%\
)F\xfeE\xcd\xc8\xdf,?\xf27\xca\x85\xfcs\xf1\
\xe0\x85\x9aj\x0b\xbeV\xe4\x9f\x89\xaf\x81\xfc\xa5\xa6\xdf\
\x05P7\x8e\xfc\x9d\xd5\x8a\xfc\x91\xbfQ\x9e\xd2\x90\x83\
\xb5\x80\xfc\x91\xff\x1a\xc9_j\xf2]\x00u\xe3\xc8\xdf\
Y\xad\xc8\x1f\xf9\x1b\xe5)\x0d9X\x0b\xc8\x1f\xf9\xaf\
\x99\xfc\xa5\xba\xdf\x05P7\x8e\xfc\x9d\xd5\x8a\xfc\x91\xbf\
Q\x9e\xd2\x90\x83\xb5\x80\xfc\x91\xff\x1a\xca_\xaa\xf3]\
\x00u\xe3\xc8\xdfY\xad\xc8\x1f\xf9\x1b\xe5)\x0d9X\
\x0b\xc8\x1f\xf9\xaf\xa9\xfc%)\xce\xfe#!\xff\xd6q\
W\xb5\x22\x7f\xe4o\x94\xa74\xe4`- \x7f\xe4\xbf\
\xc6\xf2W\x22\xc5\xd2\xa5*\x8b\xd7JbVP.\xe4\
`\x13\x99\x86\xbd\xd4\x8a\xfc\x91\xbfQ\x9e\xd2\x90\x83\xb5\
\x80\xfc\x91\xff:\xcb_\x924I\xe2d\xb2_\x96y\
q\x12\xe4\xef\xacV\xe4\x8f\xfc\x8d\xf2\x94\x86\x1c\xac\x05\
\xe4\x8f\xfc\xd7^\xfe\x92&\x93I\xac\xc9\xee~\xab$\
\xc8\xdfY\xad\xc8\x1f\xf9\x1b\xe5)\x0d9X\x0b\xc8\x1f\
\xf9#\xff\xcbL\x92\xfd8\xb9t\xf1\x5c\xe3$\xc8\xdf\
Y\xad\xc8\x1f\xf9\x1b\xe5)\x0d9X\x0b\xc8\x1f\xf9#\
\xffY\xe8`\xffl\x1c\x1d\xec|\xa2Q\x12\xe4\xef\xac\
V\xe4\x8f\xfc\x8d\xf2\x94\x86\x1c\xac\x05\xe4\x8f\xfc\x91\x7f\
*\x94H\x93\xc9\xc7\xe3d\xb2\xf3\xc1\xdaI\x90\xbf\xb3\
Z\x91?\xf27\xcaS\x1ar\xb0\x16\x90?\xf2G\xfe\
\xa9\xd0\xc3\xf1\xc9\xc1\x07\xe3\xc9\xde\xceo\xd6J\x82\xfc\
\x9d\xd5\x8a\xfc\x91\xbfQ\x9e\xd2\x90\x83\xb5\x80\xfc\x91?\
\xf2O\x85\xd2\xf5O~#\x92\xa4\xe4\xc3\xaf\xdc\xd7\xe8\
\xd8\xa84\x09\xf2wV+\xf2G\xfeFyJC\x0e\
\xd6\x02\xf2G\xfe\xc8?\x15J\xc5\x0f\xf6\x0f\xa2g|\
|\x1cKRr\xf1\xde\x8f\x96&A\xfe\xcejE\xfe\
\xc8\xdf(Oi\xc8\xc1Z@\xfe\xc8\x1f\xf9\xa7Bs\
\xf1\xbdK\x7f#=\xfc]\x00\xd1\xee\xd9_*L\x82\
\xfc\x9d\xd5\x8a\xfc\x91\xbfQ\x9e\xd2\x90\x83\xb5\x80\xfc\x91\
?\xf2O\x85\x0a\xe2\x07\x97~Q:\xfc2\xa0\x0b\xbb\
?\x99\xec\x9f?\xc8$A\xfe\xcejE\xfe\xc8\xdf(\
Oi\xc8\xc1Z@\xfe\xc8\x1f\xf9\xa7BE\xf2\xdf?\
\xd0\x83\xf7\xfe\xbct\xf8\x0e\xc03\xdf\xba?\xd9\xb9\xfb\
\x8f\x91\xff|\xd8K\xad\xc8\x1f\xf9\x1b\xe5)\x0d9X\
\x0b\xc8\x1f\xf9#\xffT\xa8\xa4\xff\xee\xc5\xb7E/\xd5\
\x9e\x94\xfa:\xe0\xd1\xce\xb9\xefT\xb2\x97 \x7f9\xab\
\x15\xf9#\x7f\xa3<\xa5!\x07k\x01\xf9#\x7f\xe4\x9f\
\x0a\x95\xed\xc1\x07\x89vw\xbf\xeb\xf0pz\x03\x10}\
\xc5[\xfe&y\xe8\x93\xefYzA!m\x22\xd3\xb0\
\x97Z\x91?\xf27\xcaS\x1ar\xb0\x16\x90?\xf2G\
\xfe\xa9PE\xff\x0b;\xef\x8a\xfe\xc1\xb9\x8f\x1eF\xe2\
tst\xf1\xeeoH\x0ev&K-\xa8M\x1c\xf9\
#\xff\xcca\xe0\x1b^\xe6\xd0\xcb&b\x94+\x1d\x0f\
^\xa8\xa9\xb6\xe0kE\xfe\x998\xf2_|}M\x0e\
&:\xbf\xf7-\xe9h\xf6\x06\xe0i\xef\xfcT\xf4\xd0\
]\xbf\xb4\xb4\x82\xda\xc4\x91?\xf2\xcf\x1c\x06\xbe\xe1e\
\x0e\xbdl\x22F\xb9\xd2\xf1\xe0\x85\x9aj\x0b\xbeV\xe4\
\x9f\x89#\xffz\xd7\xd7\xce\xce/D\xdfx\xf6c\xe9\
\x96(\xd75Q\x9c\xfc\xf9\xb7~&:v\xedU\xbd\
\x17\xd44\x8e\xfc\x91\x7f\xe60\xf0\x0d/s\xe8e\x13\
1\xca\x95\x8e\x07/\xd4T[\xf0\xb5\x22\xffL\x1c\xf9\
\xd7\xbb\xbev/~V\xcf\xba\xfb\xba(\xd2$\xdd\x1a\
\xcfw\x8f\x22M\xa2\xfdO>]\x07\x17\x0ez-\xa8\
i\x1c\xf9#\xff\xcca\xe0\x1b^\xe6\xd0\xcb&b\x94\
+\x1d\x0f^\xa8\xa9\xb6\xe0kE\xfe\x998\xf2\xafw\
}\x1d\xec\x1fh\xf7\xd2\xd3\xe7\xe5/\x15\xdc\x00HR\
\xf4\x94\xb7~x\xf2\xc0\xdf\xfc\x80\x92\xc3{\x00\xe4_\
;\x8e\xfc\x1d\x09U\x8ejE\xfe\xb3\x10\xf27\xc9\x93\
k\xf2R+\xf2\x9f\x85\x16\xad\xc1D:\xbf\xf3\xcf\xa3\
\x17\xde\xfb\x91\xa2^\x857\x00\x924\xfa\xf2;~v\
r\xf6\xaf~VI\xee\xa6\xa1[AM\xe3\xc8\x1f\xf9\
g\x0e\x03\xdf\xf02\x87^6\x11\xa3\x5c\xe9x\xf0B\
M\xb5\x05_+\xf2\xcf\xc4\x91\x7fM\xf9K\xba\xf0\xd0\
\x7f\x89^x\xef/\x96t\xcc\xff\x0e\xc0<\x93\xf7\xbc\
\xf0\xb6\xe8\xd4\xe3^bRP\xd38\xf2G\xfe\x99\xc3\
\xc07\xbc\xcc\xa1\x97M\xc4(W:\x1e\xbcPSm\
\xc1\xd7\x8a\xfc3q\xe4_\xff\xfa:\xff\xd0m\xd1\xf3\
\xee\xf9\xe6\x92\x8e\x92*\xde\x01\x98v\xb8\xf5\xf7_\xaa\
s\x1fz\xcd\xec\x9d\x00\xe4\x9f\x8b#\x7fGB\x95\xa3\
Z\x91\xff,\x84\xfcM\xf2\xe4\x9a\xbc\xd4\x8a\xfcg\xa1\
\x1a\xfd\x1fz\xf0\xd7\x16\xc9_\xaaq\x03 I\xd1\xad\
o\xfc\xa7\x93\xb3\x1f\xfa\xf7Jv\xf33\xbb\x12\xaaa\
.\xe4\x9f\x0a{\x11\xaa\x1c\xd5\x8a\xfcg!\xe4o\x92\
'\xd7\xe4\xa5V\xe4?\x0b-Z\x83\x93D\x0f>\xf8\
\xe3\xd1\xf3\xef}yI\xc7\x0c\x0b\x7f\x04\x90\xe6\xd2\xbb\
\xbe\xe69\xa3\xe3\x9f\xff\xbah\xeb\xcc\xd1\xda\x055\x8d\
#\x7f\xe4\x9f9\x0c|\xc3\xcb\x1cz\xd9D\x8cr\xa5\
\xe3\xc1\x0b5\xd5\x16|\xad\xc8?\x13G\xfe\xf5\xae\xaf\
K\x97vu\xf1\xfcK\xa2\x17|\xee\xff\x94t\xcc\xd1\
\xe8\x06@\x92\x92\xf7?\xe3t\x92\x9c~st\xfc\x86\
/+\x1f\x1e\xd0&2\x0d;\xd8\xf0$\xe4\x9f\x19\x8b\
{;\x00\x00\x02\xadIDAT9\x0c|\xc3\xcb\x1c\
z\xd9D\x8cr\xa5\xe3\xc1\x0b5\xd5\x16|\xad\xc8?\
\x13G\xfe\x8b\xaf\xaf$\x91.\xee\xbcG\xe7w\x9f\x13\
\xbd\xf8\xec\xd9\x92\x8e\x854\xbe\x018d\xffO\x9e\xf1\
M\xf1\xf6\xa3\xfe{\xb4u\xd5\xc9\x5cA\x85 \xff\x85\
q\xe4\x8f\xfc\x91?\xf2\xcfu\x09|-\x04-\xd4\xb9\
\xb6\xa0kmq}\xed\xed\x9d\xd3\xee\xc5o\x8f^p\
\xdf\xebJ:U\xd2\xfa\x06\xe0\x90\x83w=\xeb{\xa3\
#\xd7\xfc\x9b\xe8\xe8\xb5\xd7\x06\xb5\x89L\xc3\x0e6<\
\x09\xf9g\x0e\x03\xdf\xf02\x87^6\x11\xa3\x5c\xe9x\
\xf0BM\xb5\x05_+\xf2\xcf\xc4\x91\x7f\xf5\xf5\xb5w\
\xf1\x01\xed\xed\xfeL\xf4\xfc\xfb\xfeuI\xc2Zt\xbe\
\x018d\xffO\xbe\xf6\x1f\xc7GN\xfc\x80\x8e>\xe2\
\x09\xd1h+\x95\x17\xf9/\x8c#\x7f\xe4\x8f\xfc\x91\x7f\
\xaeK\xe0k!h\xa1\xce\xb5\x05]k\xcd\xeb+9\
\x98hg\xf7\x83\x9a\x5c\xfa\xa9\xe8\xf9\xf7\xfdJI\xb2\
F\x98\xdd\x00\x1c\x92\xdc\xf9\x8c\x13:\x1e\xff\xb3$:\
\xfe\xf5\xda:\xf9\xa4h\xe3\xf4\xb6\xe2\xd1|\xaf\xcc\xff\
\xe5\xe2\xf9\xac\xcd\xe2\xc8\x1f\xf9\xbb\xa9\x15\xf9\xcfB\xc8\
\xdf$O\xae\xc9K\xad\xc8\x7f\x16J.\xff\xbb]\xba\
\xf4\x80.\xed\xfd_M&\xaf\xd3\xc1\xe6\x7f\x8d^\xf4\
w\x17J\x12\xb5\xc2\xfc\x06`\x9e\xe4\xceg\x8c\xf77\
\xf4\xd4x3z\xba\x92\xcd\xc7*\x8aNFQ\xbc\x1d\
E\xa3353\xb4\x98\xb5\xc1\xa7\x17V\xa6)\xdbD\
\x9a\xce[VG\xd3\xbf[\xcd\xfe\x99nukj8\
\xc7\xc2\xfeMk5\xacs>\xd5B\x11\xd6M\xb4\x88\
\x16\xe7\xae\xd1\x90\xb2\xceM\xeb\xac\xcaU\xd6g\xd2p\
\xaa\x9e\xae\xed&\xfds]\xac\xfe={\xb8\x8e\x12u\
\xb8N\xdb\xec\x91\x1d\xfe\x0e\xb5N\xa3\xd5\xdf\xa1\xe3\xb5\
]\xab\x8c\xbe\xcfw\x8d\xbf\xc3d\xf29%\xd1\x83\x8a\
\x92\xb3\x9a\x1c\xdc\xa58y\x9b\x9es\xff\xbb\x8a>\xbf\
\x1f\x00\x00\x00\x00\x00\x00\x00\x00\x00\x00\x00\x00\x00\x00\x00\
\x00\x00\x00\x00\x00\x00\x00\x00\x00\x00\x00\x00\x00\x00\x00\x00\
\x00\x00\x00\x00\x00\x00\x00\x00\x00\x00\x00\x00\x00\x00\x00\x00\
\x00\x00\x00\x00\x00\x00\x00\x00\x00\x00\x00\x00\x00\x00\x00\x00\
\x00\x00\x00\x00\x00\x00\x00\x00\x00\x00\x00\x00\x00\x00\x00\x00\
\x00\x00\x00\x00\x00\x00\x00\x00\x00\x00\x00\x00\x00\x00\x00\x00\
\x00\x00\x00\x00\x00\x00\x00\x00\x00\x00\x00\x00\x00\x00\x00\x00\
\x00\x00\x00\x00\x00\x00\x00\x00\x00\x00\x00\x00\x00\x00\x00\x00\
\x00\x00\x00\x00\x00\x00\x00\x00\x00\x00\x00\x00\x00\x00\x00\x00\
\x00\x00\x00\x00\x00\x00\x00\x00\x00\x00\x00\x00\x00\x00\x00\x00\
\x00\x00\x00\x00\x00\x00\x00\x00\x00\x00\x00\x00\x00\x00\x00\x00\
\x00\x00\x00\x00\x00\x00\x00\x00\x00\x00\x00\x00\x00\x00\x00V\
\xcf\xff\x07oy\x97\xc9\xa5\xcf\xd0<\x00\x00\x00\x00I\
END\xaeB`\x82\
\x00\x00H\x88\
\x89\
PNG\x0d\x0a\x1a\x0a\x00\x00\x00\x0dIHDR\x00\
\x00\x02\x00\x00\x00\x02\x00\x08\x06\x00\x00\x00\xf4x\xd4\xfa\
\x00\x00\x00\x09pHYs\x00\x00\x0e\xc3\x00\x00\x0e\xc3\
\x01\xc7o\xa8d\x00\x00\x00\x19tEXtSof\
tware\x00www.inksca\
pe.org\x9b\xee<\x1a\x00\x00 \x00ID\
ATx\x9c\xec\xddy|\x5cu\xbd\xff\xf1\xf7\xe7\xcc\
$i\x92\x99t\x01\x0a\x96EY\x02m\xa6\xa5 \x05\
\x05E@AED\xf4^#m\x92\x96\x0aX\x17T\
\xd4\xabW\xaf\x0bTq\x01\x97{\xaf\xb8\x5c\xad\x82@\
\x96\x16\xe3\xcf\x05E\x10\xaa\xa0,n\x05\xec2\x93\x96\
R\xaa\xac\xa5\x95.\xb3d\x9d9\x9f\xdf\x1f\x0d\xd8\xd2\
-\x999\xe7|\xce\xcc\xbc\x9f\x8f\x87\x8f\x07m2\xe7\
\xbc\x8a\x0f\xfa\xfd\xe4\xac\x00\x11\x11\x11\x11\x11\x11\x11\x11\
\x11\x11\x11\x11\x11\x11\x11\x11\x11\x11\x11\x11\x11\x11\x11\x11\
\x11\x11\x11\x11\x11\x11\x11\x11\x11\x11\x11\x11\x11\x11\x11\x11\
\x11\x11\x11\x11\x11\x11\x11\x11\x11\x11\x11\x11\x11\x11\x11\x11\
\x11\x11\x11\x11\x11\x11\x11\x11\x11\x11\x11\x11\x11\x11\x11\x11\
\x11\x11\x11\x11\x11\x11\x11\x11\x11\x11\x11\x11\x11\x11\x11\x11\
\x11\x11\x11\x11\x11\x11\x11\x11\x11\x11\x11\x11\x11\x11\x11\x11\
\x11\x11\x11\x11\x11\x11\x11\x11\x11\x11\x91\xc7\xc4:\x80\x88\
\xc6OW,j\xe8\x8f\xa5'\xb9\x05\x99\xac\xc0d\xb8\
\xce$q\xb4~\xf4\xcb\x93_\xfc>q&\xc2u\x1d\
\x00\x10\x91\xb8\x88D\x01@\xd5m\x04\x9c\xda\x9d\xdf\xe5\
\x0e\x8b8\xb9\x9d\xbf\xafyU\xcd\x00\x00\x1c\xc7\x15u\
w\xec\xb2\xdbm\x00\xa0\xae\x0c@\xb0M\xc4\xdd\xeeD\
t[Cca\x9b\x1c\xd9;\xe0\xf3\x1f\x99\x88<\xc6\
\x01\x80\xc8\x98jk\xa4\x7f]\xe4\xd0\xbc\x1b9\xca)\
\xe84\x898G\xaa\xab\x07\xc3\xc1d\xa8LR`\xb2\
@'\x03\x98\x04`2\xa0\x93\x01\xa9\xb3\xee~\x89A\
\xec\x1c\x10\xb6C\xb0M\x14\xdb\x5c`\x9b@\xb7C\xb0\
\x0d\x8a\x7f\xaa\xc8\x93\xaa\xfat4\xe2>\xd5p\xc2\xf4\
M\x22\x8b]\xebh\xa2j\xc6\x01\x80\xc8Gz\xcf\xd9\
\xd1\xc1\xa9GM\x1b\xd1\xc2\x91\xe2\xe0\x08Q9\x5cU\
\x8f\x84\xe0\x08\x08\xa6Aq\x14\x80\xc3\x00D\xad[\x03\
6\x02`\x13\x80'\x00<\xad\x22O;\xd0'T\xf5\
iu\x9d\xa7\xa3\xae>Q\x7f\xe2\xf0\xb3\x22\xbd\x05\xe3\
N\xa2\x8a\xc5\x01\x80\xc8\x03\xdb\x1eY8\xa9v\xc2\xf0\
\xb1\xae\x8bc\x00'\x01\xa0\x05\xd0c\x00\xcc\x00\xd0`\
\x9cW\xaeF\x00<)\x82\x14 IU\xf7q\x11<\
\xae#\x91U\xf1\xd9\x9d\x9b\xad\xe3\x88\xca\x1d\x07\x00\xa2\
1R\x85\xecXs\xf11\x12\xa9\x99\x1eQ\x9d\xae\x82\
\x13\xa0r<\xa03\x00L\xb5\xee\xab2\x9b X\x0b\
\xc5:\x81<*\xd0\xbe\x91\x82\xae\x9b8\xabg\xa3\x08\
\xd4:\x8e\xa8\x1cp\x00 \xda\x87\xdc\xda\xb9\xd3\x0ay\
9E$r\x8a\x88\x9e\xa2\x8aW\x038\xd8\xba\x8b\xf6\
+\x0d`5\x80\x87D\xe4!\xd5\xc2C\xb1\x96\x13\xfa\
x\xbd\x01\xd1\x9e8\x00\x10a\xaf\x8b\xfd\x19\x00\xa6X\
w\x91'2\x00V\x81C\x01\xd1n8\x00P\xd5\xd9\
\xf6\xc8\xc2I\x91\xe8\xc8k\xe1\xc8Y\x02\xbc\x1a\xd0\x93\
\x00\xc4\xac\xbb(Pi@\x1e\x11\xe8\x1fE\xf4\xbe\xc1\
\x1a\xb9\xff\xa0\xe6\xee\xb4u\x14Q\x908\x00P\xc5{\
~}{S\xdd\x88\x9e\x068\xe7\xaa\xeak\x01\x9c\x06\
\xa0\xc6\xba\x8bB\xa5\x00`\x1d \xf7\x03\xeeru\xa2\
\xbfk\x9aq\xcb\xf3\xd6QD~\xe2\x00@\x15'\xbb\
z\xde\xa1\xae\xe04\xc7\x89\xbcFU\xcf\x05p2\x00\
\xc7\xba\x8b\xca\xce\xe3\x80,\x17\xc1\x03N!\x7fO\xc3\
\xaceOZ\x07\x11y\x89\x03\x00\x95=]\xb1\xa8!\
S\x97{\xbd8\xb8\x00\xd0\xd7\x03r\xbcu\x13U\xa4\
>\x08~\xe7(noh\x1a\xbe\x97O?\xa4r\xc7\
\x01\x80\xca\xd2\xf6\xb5\xf3\x8f\x8e\x14\x0a\xe7\x01\xce\xb9\x80\
\x9e\x0f\x9e\xc3\xa7`\x0d\x00x@U\x97#\xea\xfc\xbc\
iz\xd7:\xeb \xa2\xf1\xe2\x00@eA\xb55\x92\
IEOw$\xf2\xd6\xd1\xc3\xfa\xa7X7\x11\xed\xe2\
q\x00\xbf\x12\xd1_6\xea\xc8\x1f$\xd1;l\x1dD\
t \x1c\x00(\xb42+\xe7O\xd5\x9a\xc2\x85\x02y\
\x0b\x14\xe7\x01\x88[7\x11\x8d\xc1v@\xeeV\xb8\xbf\
\x86\x13\xfd%/&\xa4\xb0\xe2\x00@\xa1\xb2}U\xdb\
\xe4h\xd4\xb9\x10\xd0VU\xbc\x09\xbcZ\x9f\xca[\x01\
\xc0\x9fD\xa4Wk\x86z\xe2\xcd\xbd[\xac\x83\x88^\
\xc0\x01\x80\xccm\xdd\xd0:\xb1v\xa8\xee\xa2\xd1E\xff\
\x8d\x00j\xad\x9b\x88|P\x00p\x8f\x88t\x0e\xd5\xe8\
\xcf\xf9\xdc\x01\xb2\xc6\x01\x80L\xe8\x93\xad\xf5\x99\x1d\xd1\
s!N\xab\x00\xff\x0e\xbe0\x87\xaa\xcb\xa0\x08\x96\x03\
\xd2\xdb\xafC?\x9d\x9a\xe8\xcdZ\x07Q\xf5\xe1\x00@\
\x81\xd1\xf5\xe7\xd7e\x87\x0ez+D\xe7\x02\xb8\x00@\
\xbdu\x13\x915\x01r\xaa\xf2Kupk\xbc\xbf\xe1\
v\x99\xb3d\xc4\xba\x89\xaa\x03\x07\x00\xf2]z\xd5\xbc\
\xe9N4\xb2P\x15\x97\x02z\x88u\x0fQ\x88m\x03\
\xa4W\xdc\xc2wb\xb3\x96\xae\xb2\x8e\xa1\xca\xc6\x01\x80\
|\xb1e\xed\xa5\xf1zw\xf8\x1d\xaa:\x1f\xc0\xb9\xd6\
=De\xe8!@\x97\x0c`\xa4\x87\xa7\x08\xc8\x0f\x1c\
\x00\xc8S\xb9\xbe\xb6S\x5c\xd7Y\x04h\x1b\xf8p\x1e\
\x22/\xa4\x15\xf8\x85#zK\xac\xa5g\xb9u\x0cU\
\x0e\x0e\x00T\xb2\xed\xab\xda&G\x22h\x858W@\
\xf5D\xeb\x1e\xa2\x0a\xd6\xa7\xaa7\xa3Foh:a\
\xe9?\xadc\xa8\xbcq\x00\xa0\xa2\xe5V\xcf\x9f\xe3:\
\xeeG\x01\xbc\x13\xbcu\x8f(H\x83\x02,\x83\xca\xff\
\xc6fv\xad\xb4\x8e\xa1\xf2\xc4\x01\x80\xc6Eu\xb1\x93\
I\xae\xbb@\xc4\xf90xn\x9f(\x0c\x1e\x00\xf4\x9b\
\xb1\x96\x91\x9f\x8a\xf4\x16\xacc\xa8|p\x00\xa01\xd9\
\xb2\xf6\xd2\xf8\x84\xc2\xe0<@>\x06\xe0\x04\xeb\x1e\x22\
z)\xd9 \x82oeG\xe4\x87\x87\xcd\xee\xccY\xd7\
P\xf8q\x00\xa0\xfd\xda\xbev\xfe\xd1QW\xdf\xab\xaa\
\x8b\x00L\xb6\xee!\xa2\x03J\x03\xb8)\x8a\xc87\xea\
\x13\xb7<a\x1dC\xe1\xc5\x01\x80\xf6*\xd7\xd7vJ\
\xc1\x95+\x05\x98\x07 j\xddCD\xe3V\x10\xc1\x1d\
nA\xbe\xd24\xab\xebA\xeb\x18\x0a\x1f\x0e\x00\xb4\x9b\
tr\xdek\x05\xf2y@^o\xddBD\x9ey@\
\x80\xabc\x89\xee\xdfZ\x87Pxp\x00 \x00\xa3\x0b\
\xbf8\xd7@q\xb6u\x0b\x11\xf9\xe6\x01U\xf7\xba\xa6\
\x99K\x7fi\x1dB\xf68\x00T\xb9l\xaa\xed\x5c\xa8\
|Q\x81WY\xb7\x10Q`8\x08\x10\x07\x80j5\
\xba\xf0\x7fI\x81\xd3\xac[\x88\xc8\x88\xe0Au\xddk\
9\x08T'\x0e\x00UD\x15\x92I\xce{+\xc4\xf9\
\x9c\x00\xa7Z\xf7\x10Qh\xfcQ\xd5\xfdJ<\xb1\xf4\
W\x22P\xeb\x18\x0a\x06\x07\x80*\x91Mv\xbcY\xa1\
\xd7\x02\x98m\xddBD\xa1\xf5'8\xee\xa7\xe23\x96\
\xfe\xde:\x84\xfc\xc7\x01\xa0\xc2e\x92\xed-\x02|U\
\x81\x0b\xac[\x88\xa8l,\x17\x07\x1f\x8b\xcd\xe8^m\
\x1dB\xfe\xe1\x00P\xa1\xfa\xd7-8\xbc\x90w\xaf\x02\
\xf42\x00\x11\xeb\x1e\x22*;y@n\x14D\xaf\x8e\
%n\xdad\x1dC\xde\xe3\x00Pa6\xad\x9c\xdf\xd8\
\x10)|PD>\x0b\xbe\x8e\x97\x88J$@\x0e\x22\
\xdf\x1epj\xbft\xc8\xf4\x1b3\xd6=\xe4\x1d\x0e\x00\
\x15B\xef9;\x9a\x9d:\xedR@>\x0f\xe00\xeb\
\x1e\x22\xaa8O\x03\xfa\x85X\xcb\xc8\x0d|\xe9Pe\
\xe0\x00P\x01\xb2\xa9\xb6sU\xe5\x7f\x00\xcc\xb4n!\
\xa2\x8a\x97R\x17\x9fl\x9a\xd5\xfd+\xeb\x10*\x0d\x07\
\x802\x96\xee[p\xbc\xb8\x85\xef\x80\xaf\xe5%\xa2\x80\
\x09\xe4\x97#N\xfe\xc3\x93g,\xfb\xbbu\x0b\x15\x87\
\x03@\x19\xd2'[\xeb\xb3\xe9\xbaO\x02\xee\xa7\x00\xa9\
\xb3\xee!\xa2\xaa5\x00\xc8Wc\xb5\xcf\x7fE\x9a\xef\
\x18\xb2\x8e\xa1\xf1\xe1\x00Pf2\xc9\xf9\xaf\x07\xdc\xef\
\x028\xc1\xba\x85\x88h\xd4z\x11\xb9\x22\xd6\xd2u\xb7\
u\x08\x8d\x1d\x07\x802\x91[;wZ\xa1\x10\xb9V\
\x80\xf9\xd6-DD{'\xbd\xe2\x16>\x14\x9b\xb5\xf4\
9\xeb\x12:0\x0e\x00!\xa7\xf7\x9c\x1d\xcd\x1dz\xc4\
\x15\xaaz\x0d\x80\xb8u\x0f\x11\xd1\x01l\x17\x91\xc5\x8d\
3\x86\xbe\xcd\xbb\x05\xc2\x8d\x03@\x88\xa5\x93\xf3^+\
p\xbe\x0b`\x96u\x0b\x11\xd18=\xecB\xdf?1\
\xd1\xf3\x17\xeb\x10\xda;\x0e\x00!\xb49\xd9\x1a\xabG\
\xed\xd7\x00\xbc\x17\xfc\xff\x88\x88\xcaWA\x81\xff\x8d7\
\xd4|V\x8e\xbei\xd0:\x86v\xc7\xc5%d\xd2\xab\
;\xce\x10Go\x02\xd0l\xddBD\xe4\x0d\xd9\xa0(\
,lJ,\xbd\xdf\xba\x84\xfe\x85\x03@H\xe8\x93\xad\
\xf5\xb9L\xdd\xd5\xaa\xfa\x09\x00\x8eu\x0f\x11\x91\xc7\xf2\
\x22\xf2\x8d\xc6\x9a\xe7\xaf\xe6-\x83\xe1\xc0\x01 \x04v\
$\xe7\xbf\xca\x81{\x13\x80\xe9\xd6-DD>[\xe3\
\x88\x5c\xd2\xd8\xd2\xf5\xb0uH\xb5\xe3\x00`HW,\
\xaa\xc9\xd6\xf7\x7f\x06\xd0\xcf\x82o\xec#\xa2\xea\xb1\xf3\
h@\x7f\xc3\xe7d\xce\x92\x11\xeb\x98j\xc5\x01\xc0H\
v\xf5\xbc\x13\xd5qn\x06p\x92u\x0b\x11\x91\x91\x95\
\xa2rIlf\xd7J\xeb\x90j\xc4\x01 `\xa3o\
\xed\xfb\x0c \x9f\x01Pc\xddCDdlP\x80\xcf\
6\xb64\xff\x8f\xc8b\xd7:\xa6\x9ap\x00\x08P\xff\
\xca\xf6#\x0aQ\xf4\x008\xd3\xba\x85\x88(\x5c\xf4w\
\x82\xda\xf6X\xe2\xa6M\xd6%\xd5\x82\x03@@F_\
\xd9\xdb\x05\xe0P\xeb\x16\x22\xa2\x90\xda,\x22\x1d|\xa7\
@08\x00\xf8l\xe7!\xff#>\x0b\xe8\xe7\xc0\xdb\
\xfb\x88\x88\x0e\xa4\x00\xc8\x17c-C\xd7\xf0Q\xc2\xfe\
\xe2\x00\xe0\xa3\xfe\xd5s\x8f,8\x91\xa5\x00^c\xdd\
BDTf\xeeqD\xda\x1b[\xba\x9e\xb5\x0e\xa9T\
\xfc\x89\xd4'\xe95\xf3.,8\x91\xbf\x81\x8b?\x11\
Q1\xceq\x15+\xb3k\xda\xded\x1dR\xa9x\x04\
\xc0c<\xe4OD\xe4)\x15\x91\xaf6\xce\x18\xfa\x0c\
O\x09x\x8b\x03\x80\x87\x06Rm//\xa8\xfcX\x81\
\xd3\xac[\x88\x88*\x8a\xe0^\xd1\x9ay\xbcK\xc0;\
\x1c\x00<2\xfa\x12\x9f\x9f\x82W\xf9\x13\x11\xf9\xe5\x19\
G\xf1\xf6\xc6\x99\xdd\x7f\xb5\x0e\xa9\x04<D\xed\x81t\
\xaa\xe3rq\xf4\x1ep\xf1'\x22\xf2\xd34W\xf0\x87\
l\xaam\xbeuH%\xe0\x11\x80\x12\xa8\xb6Fr}\
u_R\xd5OZ\xb7\x10\x11U\x91\xd1\xeb\x02\x8e\xfb\
4\x9f\x1eX<\x0e\x00E\xda\x91l\x9d\xe2\xa0\xf6V\
\x00\xe7Z\xb7\x10\x11U#\x85\xfc:?a\xa8m\xca\
\xb1\xbd;\xac[\xca\x11\x07\x80\x22\xecH\xb55;*\
\xb7\x81\xaf\xef%\x22\xb2\xb6\xa6\x10q\xde6iz\xe7\
F\xeb\x90r\xc3k\x00\xc6)\x9b\xecx\xb3\xa3\xf2\x17\
p\xf1'\x22\x0a\x83\x99\x91\x82\xfb\xd7Lr\xfe\xeb\xad\
C\xca\x0d\x07\x80q\xc8\xa6:\xaeT\xe8\xaf\x00L\xb2\
n!\x22\xa2\x17\x1d\x04\xb8\xbf\xc9$\xdb>l\x1dR\
Nx\x0a`\x0cT[#\xd9T\xed\xb7\x01\xbc\xcf\xba\
\x85\x88\x88\xf6\xeb\xfaXK\xf3Gyq\xe0\x81q\x00\
8\x00]\x7f~]v\xf8\xa0N@[\xad[\x88\x88\
h,\xa4;6\xd0\xf0n\x99\xb3d\xc4\xba$\xcc8\
\x00\xec\xc7\xb6G\x16N\x8a\xd6\x8e\xdc\x06\xe0L\xeb\x16\
\x22\x22\x1a\x97\xdf\x0eF\xea\xdeq\xc8\xf4\x1b3\xd6!\
a\xc5\x01`\x1fr\xa9\x8e\x97\xb9\xaaw\x00\x98m\xdd\
BDD\xe3\xa7\xa2+d$rA|v\xe7f\xeb\
\x960\xe2\x00\xb0\x17\x99\xd5\xf3g\xc0q\xef\x04p\x94\
u\x0b\x11\x11\x95\xe4q\x17\xf2\xa6\x89\x89\xae\xc7\xacC\
\xc2\x86w\x01\xbc\xc4\x8ed\xdbip\xdc?\x80\x8b?\
\x11Q%8\xc6\x81\xde\x97K\xce=\xd9:$l8\
\x00\xec\x22\xbd\xba\xfd\xad\x0e\xe4\x1e\x00\x07[\xb7\x10\x11\
\x91g\x0es\x11\xf9C6\xd5q\x9euH\x98p\x00\
\x18\x95N\xb6-\x14\x07?\x03\xd0`\xddBDD\x9e\
\x8b\xa9\xba\xbf\xcc\xacn\xfb7\xeb\x90\xb0\xe0\x00\x00 \
\x9dj\xbbL 7\x00\x88Z\xb7\x10\x11\x91_\xa4\x0e\
\x8e\xfc8\x9blk\xb7.\x09\x83\xaa\x1f\x00\xd2\xa9\x8e\
\xcbEe\x09\xf8\xef\x82\x88\xa8\x1aD\x14rs6\xd9\
\xdea\x1db\xad\xaa\xef\x02\xd8\xb9\xf8\xeb\xf7\xc1\xc5\x9f\
\x88\xa8\xda\x14\x04X\x18KtwY\x87X\xa9\xda\x85\
/\xbd\xa6\xfd=\x5c\xfc\x89\x88\xaaVD\x81\x9b\xb2\xa9\
\xb6\xf9\xd6!V\xaa\xf2\x08@zM\xfb{D\xf0}\
T\xe9\x9f\x9f\x88\x88^T\x10\xd1w\xc7Zz:\xad\
C\x82Vu?\xfdf\x92m\x8b\xb8\xf8\x13\x11\xd1\xa8\
\x88\xaa\xfc(\x9b\xeaX`\x1d\x12\xb4\xaa\x1a\x002\xc9\
\x8e\xf7\x02\xf2=p\xf1'\x22\xa2\x7f\x89\xa8\xea\x8d\xd9\
5\xed\x97X\x87\x04\xa9j\x06\x80L\xb2\xe3\x83\x80\xfe\
\x1f\xb8\xf8\x13\x11\xd1\x9e\x22*\xb8\xa1\x9a\xae\x09\xa8\x8a\
\xc50\x9bloS\xa0\x13U4\xf0\x10\x11QQ\x0a\
p\xf5]\xf1Y=?\xb5\x0e\xf1[\xc5\x0f\x00\xd9T\
\xdb\xb9\xaar;\x80Z\xeb\x16\x22\x22*\x0b\x03\x0ay\
SS\xa2\xeb>\xeb\x10?U\xf4\x00\xb0#\xd9v\x9a\
\x03\xf9-\x80\x98u\x0b\x11\x11\x95\x95\x1d\x02=;\x96\
\xe8\xf9\x9bu\x88_*v\x00\xc8$\xdb[\x00\xdc\x07\
`\x8au\x0b\x11\x11\x95\xa5g\x0a\x11\xe7\xb5\x93\xa6w\
n\xb4\x0e\xf1CE\x9e\x13\xef_\xd9~\x84\x02\xbf\x06\
\x17\x7f\x22\x22*\xde\xb4HA\xef\xce\xae\x9ew\xa8u\
\x88\x1f*n\x00H\xf7-8\xa8\x10\xc5]\x02\xbc\xdc\
\xba\x85\x88\x88\xca\x9d\x1e\xab\x8e\xf3\x9b\xad\x1bZ'Z\
\x97x\xad\xa2\x06\x00]\xb1\xa8A\xb4p\x1b\x80\x19\xd6\
-DDT1f\xd7\x0c\xd6\xfeL\xd7\x9f_g\x1d\
\xe2\xa5\x8a\x19\x004\xd9Z\x9b\xad\xcf\xfd\x14\x8a3\xac\
[\x88\x88\xa8\xe2\x9c\x93\x1d\x9er\x8b\xea\xe2\x8aY7\
+\xe6\x0f\x92E\xed\xf5\x00\xded\xddADD\x15\xeb\
]\xb9\xe4\xfa\xafXGx\xa5\x22\xee\x02\xc8\xa6:\xae\
T\xd5\xff\xb5\xee \x22\xa2\xca\xa7\xa2\x977\xb5\xf4\xdc\
`\xddQ\xaa\xb2\x1f\x00\xb2\xa9\x8e\xf3T\xf5\xd7\x00\xa2\
\xd6-DDT\x15\x06]\xc19\x13[\xba\xffd\x1d\
R\x8a\xb2\x1e\x00\xb6\xafj;&\x12\x91?\x038\xd8\
\xba\x85\x88\x88\xaa\xca\xa6\x88[8\xada\xd6\xb2'\xad\
C\x8aU\xb6\xd7\x00<\xbf\xbe\xbd)\x12\x91\xdb\xc0\xc5\
\x9f\x88\x88\x82wX\xc1\x89\xfeb\xd3\xca\xf9\x8d\xd6!\
\xc5*\xcb\x01@u\xb1S7\x8c\x1e\x00\x09\xeb\x16\x22\
\x22\xaaVzrc\xb4p\xb3jy\x1eM/\xcb\x01\
 \xd3\xf7\xd8\xd7\x15\xb8\xc0\xba\x83\x88\x88\xaa\x9d\xfc{\
6\xd9\xf1Y\xeb\x8ab\x94\xdd\xd4\x92Mu,P\xd5\
\x9b\xad;\x88\x88\x88F) s\xe3\x89\xae\x1f[\x87\
\x8cGY\x0d\x00\xe9\xbey\xa7\x8b+\xf7\x00RQO\
c\x22\x22\xa2\xf2&@\x0e\xae{Fl\xd6\xd2U\xd6\
-cU6\x03\xc0\xf6Um\x93\x9d\x88<\xc2g\xfc\
\x13\x11QH=6\x5c\x8bS\x0ej\xeeN[\x87\x8c\
EY\x5c\x03\xa0\x0a\x89D\xe4G\x5c\xfc\x89\x88(\xc4\
\x8e\xab\x1d\xc6\x12\xeb\x88\xb1*\x8b\x01 \x97j\xff\x18\
\x80\x8b\xac;\x88\x88\x88\x0e\xe0\xe2t\xb2\xfdR\xeb\x88\
\xb1\x08\xfd)\x80\xdc\x9a\xf6S]\xc1\xfd\x00j\xad[\
\x88\x88\x88\xc6`PT^\x1d\x9b\xd9\xb5\xd2:d\x7f\
B}\x04`\xdb#\x0b'\xa9\xe0Vp\xf1'\x22\xa2\
\xf21AE{t\xc5\xa2\x06\xeb\x90\xfd\x09\xf5\x00\x10\
\xad\x1d\xb9Q\x81\xa3\xad;\x88\x88\x88\xc6\xa9%W\xdf\
\x7f\xbdu\xc4\xfe\x84v\x00\xc8$\xdb>\x0c\xe0\x1d\xd6\
\x1dDDD\xc5P\xe8e\xd9T\xdb|\xeb\x8e}\x09\
\xe55\x00\xb9\xbe\xb6S\x5c\x17\x0f\xf0~\x7f\x22\x22*\
sY-\xb8\xa76\x9d\xb8t\xadu\xc8K\x85\xee\x08\
\xc0\x96\xb5\x97\xc6]\xd7\xb9\x95\x8b?\x11\x11U\x80\x98\
D\x9c\xa5\xba\xfe\xfc\xd0\xadi\xa1\x1b\x00&\x14\x86\xbe\
\x06\xe8\xb1\xd6\x1dDDD\x1e9);<\xf9*\xeb\
\x88\x97\x0a\xd5)\x80l\xb2\xfd\x0d\x0a\xdc\x8d\x90u\x11\
\x85\xd0  \x19@3\x00\xd2\x10\xf4C\xd1\xbf\xdbw\
\x08\x5c(\x1c@&\x00Z\x0f\xa0\x09@\x1d\x80I\xa3\
\xffLD\xc1\xc9;\xaesz\xe3\xac\xce\x15\xd6!/\
\x08\xcdB\xbbe\xed\xa5\xf1\xfa\xc2\xd0*\x05^a\xdd\
B\x14\x02OC\xb0\x1e\xae>\xa6\x22\x1b\x04\xf2\xb8\x02\
\xcf\x22\x82\xcd#\x11}\xb6\xd4G\x8dj\xb2\xb5v \
Z\x7f\x88\x9b\xcf\x1f\x028\x87\x01z\xb0\x0b9\xca\x01\
\x8eQ\xb8G\x0b\xe4\x18\x05\x8e\x04\x10\xf1\xe8\xcfCD\
@2V\xbb\xf5\x14i\xbec\xc8:\x04\x00\xa2\xd6\x01\
/\x98P\x18\xfa*\x17\x7f\xaaROC\xe5>u\xf0\
\xb0\x03\xf7\x11W\xa2\x8f4\xcd\xb8\xe5y?w(\x89\
\xdea\x00O\x8f\xfeo\xaft\xc5\xa2\x9aL\xe3\xe0\xd1\
\xe2\xe6g\x032[\x80\x93\x14\x98\x0d\xe0\x08?\xdb\x88\
*X\x227<\xe5j\x00\x9f\xb6\x0e\x01Br\x04\x80\
\x87\xfe\xa9\xca<\x0f\xc8\x9d\x0a\xfd\x9dB\xfe01\xd1\
\xf5\x98u\xd0x\xa4\xd7\xcd;8R\x90\xd3\x14\xce\xeb\
\x14z&\x14\xa7\x02\xa8\xb1\xee\x22*\x13yGqF\
\xe3\xcc\xee\xbfZ\x87\x98/\xb8<\xf4OU\xe21\x01\
~\xa6\xa2\xbf\x8a\xcd\x18y@\xa4\xb7`\x1d\xe4\x15]\
\xb1\xa8!W\x9f;]\x81\xd7\x01\xb8\x00\xc0+\x11\x82\
\xbf[\x88B,\x14\xa7\x02\xcc\xff#\xcd$\xdb\xbf\x07\
\xe0\xbd\xd6\x1dD>\xd8\x0a\xc8O\x14\x85\xcex\xcb\xd2\
\x07D\xa0\xd6AA\xc8\xac\x9c?Uj\xf4\xcd\x80\xb6\
\xaa\xeay\xbc\xa5\x97hO\x02\x5c\x1bKt\xff\x97q\
\x83\x9dl\xaa\xed\x5cU\xb9\xcb\xba\x83\xc8C\xae\x02\xbf\
\x01\xe4{\xf1\x96\xa1\xdb+\xe9'\xfdbl\xdd\xd0:\
\xb1v\xb0\xf6B\x05\x16\x028\x07!\xbc\xf5\x98\xc8\x88\
\xf9\xa9\x00\xb3\x85w\xcb\xdaK\xe3u\x85\xa1\xd5\x02\xbc\
\xdc\xaa\x81\xc8C\xcf\x09pc>\xe2\xfc`\xd2\xf4\xce\
\x8d\xd61a4\x90j{y^\xb1P \x0by\xca\
\x8f\x08\x00\x90\x8a\xd5n}\xa5\xd5\xa9\x00\xb3\x01 \x9b\
l\xff\xaa\x02\x9f\xb0\xda?\x91G\x92\x02\xfdJ#F\
zG\xaf\xac\xa7\x03P]\xecdS\x1b\xce\x06\x0a\x1f\
\x02\xe4m\xe0Q\x01\xaaf\x82\xcf\xc6[\xba\xbfd\xb3\
k\x03;Rm\xcd\x8eb5\xcf\x0dR\xd9\x12Y%\
\xc07\x1ag\x0cuW\xfba\xfeRl_}\xf1\xb1\
\x11'\xfaa\x00\xef\x01Po\xddCd` \xef\x14\
Z&\xcfX\xf6\xf7\xa0wl2\x00d\x92mw\x01\
r\x9e\xc5\xbe\x89J!\xc0_D\xf4\xf3\x0d3z\xee\
\xa8\x96\x8b\xfa\x82\x90[;w\x9a\xe6#W\xaa\xe0\xbd\
\x00&Z\xf7\x10\x05\xec'\xf1Dwk\xd0;\x0d|\
\x00\xc8$\xdb\xdf\x09\xa07\xe8\xfd\x12\x95\xe8i@\xbf\
\x10k9\xfe\x87\x22\x8b]\xeb\x98J\xb5}U\xdb\xe4\
h\xd4\xf9\xa4\xaa^\x09`\x82u\x0fQP\x04r~\
,\xd1ug\xb0\xfb\x0c\x90>\xd9Z\x9fK\xd7\xa6x\
\x01\x10\x95\x91~\x11\xf9V\xbf\x0e}qj\xa27k\
\x1dS-\xfaW\xcf=\xb2\xe0D?\x0b\xe8\xe5\xe05\
\x02T\x1d\xfab\x03\x8d\xb3e\xce\x92\x91\xa0v\x18\xe8\
\x7fX\xd9\x1d\xb5\x9f\xe6\xe2Oe\xa4\xc7\x89\x14\x9ac\
-]\x9f\xe2\xe2\x1f\xac\x86Y\xcb\x9e\x8c'\xba\xde\xeb\
8z\x1a\x04\xf7Z\xf7\x10\x05`F\xae>{e\x90\
;\x0c\xec\x08\xc0\xe8\xc5>k\xc0\xc3z\x14~\x9b\xe1\
\xea\xfb\xe3\xb3z~j\x1dB;e\x92m\xad\x80|\
\x0f\xc0\x14\xeb\x16\x22\x1fe\x9cHaz\xe3\xf4e\xcf\
\x04\xb1\xb3\xc0\x8e\x00D\x9d\xe87\xc1\xc5\x9fBOz\
5\xea&\xb8\xf8\x87K<\xd1\xd3+\xa8I@\xc0\xff\
_\xa8\x92\xc5\x0b\x85\xc8uA\xed,\x90#\x00\xe9\xd5\
\xedo\x15\x07\xbf\x0cb_DE\xda\x0aW\xdf\xc3\x85\
?\xfc\xb2k:\xe6\xa9\xe8\xf5\x00\x0e\xb6n!\xf2\x81\
*\xe4\xac\xa6D\xd7}~\xef\xc8\xf7#\x00\xbabQ\
\x8d8\xf8\x1f\xbf\xf7CT<y\xa4\x10q\xe6p\xf1\
/\x0f\xb1\x99]K#n\xe1\x95\x02\xfc\xc5\xba\x85\xc8\
\x07\x22\xd0\xebU\x17\xfb\xbe>\xfb\xbe\x83l}\xff\xa5\
\x00\x8e\xf3{?D\xc5P\xa0+6\xd0\xf0Z>\xbe\
\xb7\xbc4\xccZ\xf6dc\xed\xd6\xd7\x01\xb8\xde\xba\x85\
\xc8\x07'e\xfb\x1e}\x97\xdf;\xf1\xf5\x14\x80n\x5c\
8!\xdb?\xb2\x1e\xc0\x11~\xee\x87h\xfctH\xc4\
\xf9d\xac\xa5\xeb\x9b\xd6%T\x9al\xb2\xbdC\x81\xef\
\x03h\xb0n!\xf2\xd0\xfa\xd8@c\xc2\xcf\xdb\x02}\
=\x02\x90\xeb\x1f\xb9\x02\x5c\xfc)|\xd2p\x9d7s\
\xf1\xaf\x0c\xb1Dw\x97\xe3:g\x01\xb2\xc5\xba\x85\xc8\
C\xcd\x99\x09\xb9\x85~\xee\xc0\xb7#\x00\x9b\x93\xad\xb1\
z\xd4n\x000\xd5\xaf}\x10\x15a\xab\x0b\xe7-\x13\
\x13\x9d\x7f\xb6\x0e!o\xa5W\xcd\x9b.\x11\xe7n\xf0\
\x87\x0e\xaa\x1c\xcf\xc4\x9a\x86\x8f\x93#{\x07\xfc\xd8\xb8\
oG\x00\xeaQ\xf7qp\xf1\xa7\x10Q\xe0\x1f\x1a\x91\
3\xb8\xf8W\xa6\xa6\x13\x97\xae\x8d\x8a\xbe\x16\xc0c\xd6\
-D\x1e\x99\x96\xdbQ\xf3>\xbf6\xee\xcb\x11\x80\xf4\
\xbay\x07K\xde\xd9\x00\xa0\xc9\x8f\xed\x13\x15\xa1/\x92\
\xc7\x1b\x1bfw?e\x1dB\xfe\xca\xad\x9d;\xcd-\
D\xee\x06\xd0b\xddBT:\xd92\x18\xa9=\xf6\x90\
\xe97f\xbc\xde\xb2?G\x00\xf2\x91O\x82\x8b?\x85\
\x84\x00\x1b\x9dH\xe1\x5c.\xfe\xd5\xa1q\xfa\xb2g\xc4\
u_/\x00\xef\xec\xa0\x0a\xa0\x87L(\x0c}\xd4\x8f\
-{~\x04`t\xfa^\x0f^\x91K\xa1 [4\
\x823\x9b\xa6w\xad\xb3.\xa1`\x8d^\x13\xf0 \x80\
\xc9\xd6-D%\xca\xa0v\xf8\xd8xs\xaf\xa7\x17\xba\
z~\x04\xc0-D\xae\x02\x17\x7f\x0a\x87\xb4#x3\
\x17\xff\xea\xd4t\xe2\xd2\xb5\x10};\xa0C\xd6-D\
%\x8a\xcbp\xed'\xbc\xde\xa8\xa7G\x00\x06\x92\x0b\x8e\
\xca\xa3\xf0\x18\x80\x1a/\xb7KT\x84A8\xee\x9b\xe3\
3\x96\xfe\xde:\x84leS\x1d\x0bT\xf5&\x04\xfc\
\xfas\x22\x8f\xf5#\xef\x1c\x1d\x9f\xdd\xb9\xd9\xab\x0dz\
z\x04 \x8f\xc2\xc7\xc1\xc5\x9fB@D\x17q\xf1'\
\x00\x88\xb5t\xdd\x22\x8a\xafYw\x10\x95\xa8\x01\xd1\x82\
\xa7\xaf\x0b\xf6l\x22\xce\xac\x9c?\x15Qw#x\xf8\
\x9f\xcc\xc9\xff\xc5\x13]\x1f\xb0\xae\xa0\xf0\xd0{\xce\x8e\
f\xa7\x1e\xfe\x07\x00\xa7[\xb7\x10\x95 \x9d\x1f\xaey\
\xf9\xe4\x93o\xda\xee\xc5\xc6<;\x02 Q\xf7#\xe0\
\xe2O\xc6\x14\xf8k\xac\xf6y_\xae\x98\xa5\xf2%\xe7\
\xdc\x9b/D\x9cv\x00\x9e\xdfJE\x14\xa0\xa6H\xed\
\x88g\xcf\x05\xf0d\x00x~}{\x93\x02\xef\xf7b\
[D%\xd8\xe6F\x9c\x8b\xa5\xf9\x0e^\xf4E{\x98\
4\xbds#\x14\xffe\xddAT\x0a\x01>\xaaO\xb6\
\xd6{\xb1-O\x06\x80\x9a\x11\xbc\x0f\xc0$/\xb6E\
T$uD;\xf8V?\xda\x9fX\xa2\xf9\xff\x00\xf8\
\xfe\x9eu\x22\x1fM\xcd\xa6\xeb\x16x\xb1\xa1\x92\x07\x00\
\xbd\xe7\xec\xa8(\xae\xf0\x22\x86\xa8\x04K\x1a[z~\
m\x1dA\xe1&\xb2\xd8\x05\xdc\xf7\x03\xc8[\xb7\x10\x15\
\xcf\xfd\x98\xea\xe2\x92\xd7\xef\x927\x90=t\xda;\x01\
\x1cU\xeav\x88\x8a\xa5\xc0?\x06#u\x9e\xdf#K\
\x95)\x9eX\x9a\x04p\x83u\x07Q\xf1\xe4\xf8\xfe\xd4\
\xfa7\x95\xba\x95\x92\x07\x00Q\xf9H\xa9\xdb *\x81\
:\xa2\x97\xfb\xf1\x9cl\xaa`y\xe7*\x00Y\xeb\x0c\
\xa2b\xb9\x82\x92\xd7\xde\x92\x06\x80\xf4\xea\x8e3\x14x\
U\xa9\x11D%\xf8q\xac\xa5g\xb9u\x04\x95\x97\xf8\
\xec\xce\xcd\x22\xf2\x1d\xeb\x0e\xa2\xa2)\xde\x98]=\xef\
\xc4R6\x11-\xe5\xc3\x12\xd1\x0fBK\xd9\x02QI\
\x06\xf3N\xe1S\xd6\x11a\xb19\xd9\x1a\x8bE\xeb'\
\x16\x86\xb5IDk\xf3\xae\x9b\xa9\x8b\xa20\x94Gz\
b\xbcv@\x8e\xbei\xd0\xba1L\xdcH\xe1\xeb\x92\
w\xae\x00\x10\xb3n!*\x86:\xce\x07\x00\x14}[\
`\xd1\x0f\x02\x1a}\xf0\xcf\x93\x00j\x8b\xdd\x06Qi\
\xf4\xcb\xf1D\xcfg\xac+\x82\x94Ku\xbc\xac\xa0\xee\
iPLw\xc4iV\xe0\x04@\x8f\x030\x15\xfb?\
\xa2\xa7\x00\x9e\x05\xb0Q\x81\x8d\x02<\xae\xd0\x87#\xe2\
\xfc\xa5\xb1\xa5\xeb\xd9@\xe2C(\x93l\xbf\x1e\xc0\x87\
\xac;\x88\x8a\x94\x1d\xae\xc5\xe1\x075w\xa7\x8b\xf9p\
\xd1G\x004\xea^&\x5c\xfc\xc9\xce\xb6\xe1Z\xb9\xce\
:\xc2o\xaa\xad\x91\x5c\xb2\xe6\x5c\x88\xbcK\x81\xb3]\
\xd5c\x04\x02\x08\xa0\xe3;\xfc&\x00\xa6\x01\x98&\xc0\
kv\xfe\x86\xc0UE&\xd9\xfe8\x14\xb7!\xe2\xfe\
<6=\x7f\xbfHo\xc1\x8f?K\x18\xb9\x90\xeb\x1d\
\xe8\x15\xf0\xeb\xd5\xe8D\xfe\x8a\xd5\x8e\xa0\x03\xc0w\x8b\
\xf9pQG\x00T\x17;\xb9\xd4\xfa\x0d\x0a\xbc\xa2\x98\
\xcf\x13\x95L\xf4\x9axK\xcfU\xd6\x19~I\xaf\x9b\
w\xb0\xe4\x9d\x8f\x00\xb8\x1c\xc0\xa1A\xedW\x81\x7f@\
\xf0]\xd5\xe1\x1fNL\xf4n\x0dj\xbf\x96\xd2\xc9\x8e\
\xdb\x05\xfa\x16\xeb\x0e\xa2\x22\xad\x8e'\xba\x8b\xba\x16\xa0\
\xa8\xa97\xdd\xf7\xd8\xf9\x5c\xfc\xc9\x8a\x009\x8d\xe8\xf5\
\xd6\x1d~\xd8\xb2\xf6\xd2x6\xd9\xfeU'\xef\xfc\x1d\
\xc0g\x10\xe0\xe2\x0f\x00\x02\xbc\x5c\x14\xd7EP\xfbD\
&\xd9\xb1xs\xb2\xb5\xe2\xcf\x8f\x0b\xf4G\xd6\x0dD\
%\x98\x95^\xd3\xfe\x9ab>X\xd4\x00\xe0\xa8\xbe\xa7\
\x98\xcf\x11yA\x81\x1b\x9aNX\xfaO\xeb\x0e\xaf\xa5\
S\x1do\x9fP\x18J)\xf0\x09\x05\x1a-[v\xee\
_\xaf\xaeG\xed\xfaL\xb2\xfd\x9d\x96-~\x8b\xd5n\
\xfd%\x80\xaa8\xdaA\x95J\x17\x15\xf3\xa9q\x9f\x02\
\x18\xbd\xf8\xef)\xf0\xb5\xbfdD\x1c\x9c\x18\x9b\xd1\xbd\
\xda\xba\xc3+\xba\xfe\xfc\xba\xec\xd0\xe4oC\xe4r\xeb\
\x96}Q\xa0k\xa4\x16W\x14{\xb1Q\xd8e\xd6\xb4\
\xfd \xcc\xff\xfe\x89\xf6G\x80\xdc@\xa4\xeee\xe3}\
\x1e\xca\xb8\x8f\x00H\xa4\xd0\x0e.\xfedDEWT\
\xd2\xe2\xdf\xbfn\xc1\xe1\xb9\xe1)\x7f\x08\xfb\xe2#@\
G\xed0\x1e\xdc\xd67\xf7\x15\xd6-~P\xe8m\xd6\
\x0dD\xc5R\xa0\xb1\xce\x1d|\xd7x?7\xee\x01@\
E.\x19\xefg\x88\xbc\x22\x90\x8a9_;\x90\x5cp\
T!\xef\xfe^\x81\xd3\xac[\xc6(\x11u#\x7f\xca\
\xae\xe9\x98m\x1d\xe2\xb5\xf8\xc4\xfcr\x00\xfd\xd6\x1dD\
\xc5\x12u\x16\x8e\xf73\xe3\x1a\x00r\xc9\xb9'\x03\xa8\
\xb8\xff\xf8\xa9l\xb8Rp\xff\x9fu\x84\x17\xfaW\xcf\
=\xb2\x80\xc2\xbd\x80\x1ek\xdd2N\x87\xaa\xe8]\xe9\
\xb5\x1d'X\x87xI\x8e\xec\x1d\x00p\xb7u\x07Q\
\xf1\xf45;Rm\xcd\xe3\xf9\xc4\xb8\x06\x00W#\x9e\
\xbc\x82\x90\xa8\x18\x0a<\x14\x9b\xb5\xf49\xeb\x8eRm\
Z9\xbf\xb1\xe0DnS\xe0h\xeb\x96\x22M\x95\x82\
\xde\x9dY9\x7f\xaau\x88\x97Tq\xbbu\x03Q\x09\
\xc4qe\x5ck\xf4\x98\x07\x00\xd5\xc5\x0e\x04\xe3>\xc7\
@\xe4\x15\x81\x94\xfd\xeb~U!\x8d\x11\xfd!\x80\x93\
\xac[Jt$\xa2\xee2\xd5\xd6\x88u\x88g\x22\x91\
\xdf['\x10\x95Dd\x9e\xea\xd8/\xee\x1f\xf3\x00\x90\
M>z\x16v>I\x8c\xc8\x84+z\xa7uC\xa9\
2\xa9\xf6wCt\xaeu\x87G\xce\xc9\xf6\xd5V\xcc\
\xbb\x18\x9af\xdc\xf2(v>.\x99\xa8L\xe9\xb1\xfd\
k\xe6\x9f2\xd6\xef\x1e\xfb)\x00G\xe6\x15\xd5C\xe4\
\x8d\xe1\xa6\x9a\xad\x8fXG\x94\x22\x9b\x5cx\x98\x00_\
\xb7\xee\xf0\x94\xea\xe7\xd2}\x0b\x8e\xb7\xce\xf0\xd0}\xd6\
\x01D\xa5(8\xee\x98\x7f\xc0\x18\xd3\x00\xa0+\x16\xd5\
@\xf1o\xc5'\x11\x95,%\xcdw\x0cYG\x94B\
e\xe4\xbf\x01L\xb6\xee\xf0\x96\xd4\x89[\xf8\x9au\x85\
w\x84\x03\x00\x955\x01.V]<\xa6\xb5}L\xdf\
\xd4\xdf\x90=\x0f\xc0A%U\x11\x95@ \x0fY7\
\x94\x22\xdd7\xeft(*\xe5\xd0\xffK]8z\x87\
P\xd9S\x17\x0f[7\x10\x95\xe8\x88Lj\xdd\x19c\
\xf9\xc61\x0d\x00\xae\x8bw\x94\xd6CT\x22\xd15\xd6\
\x09\xc5R\x85\x88\xeb|\x03%\xbc~;\xe4\xc4E\xe4\
\x93\xd6\x11^\x18\x99\xa0k\x80\xf1\xbdf\x91(t$\
2\xa6#\xf6\x07\x1c\x00v^\xfd/\x17\x96^DT\
<U<e\xddP\xac\xec\x9a\xb6w\x008\xdd\xba\xc3\
g\xefH\xf7-(\xfb\xa3\x84\x075w\xa7\x05\xf8\xbb\
u\x07Q)\x1c\xd5\xb7\x8f\xe9\xfb\x0e\xf4\x0d\xa3\x87\x12\
\x02}#\x19\xd1K\xa9\xe3>m\xddP\x0c\xd5\xc5\x0e\
\x1cYl\xdd\x11\x80Zq\x0b\xad\xd6\x11^P\xa0b\
\x1e5M\xd5I\x81\xa3\xb3\xc9\xb6\x03\xdej<\x86S\
\x00\xce\x98&\x09\x22?\xd5\xb85e9\x00dS\x8f\
\xfe;\x80Y\xd6\x1d\x81\x90\x0a9U\xa8x\xdc:\x81\
\xa8T:\x86\xb5\xfb\x80\x03\x80\x00\x17y\x93CT\xbc\
\x0c\x06\xca\xeeu\xad;\x1f\xc8!WYw\x04Fq\
\x86\xaeXT\xf6/\x0a\x13\x91'\xad\x1b\x88Jw\xe0\
\xd3\x00\xfb\x1d\x00F\x9f\xf7}\x9cg=DE:\xa4\
\x09\x05\xeb\x86\xf1\xca\xf4u\x5c\x04`\xa6uG\x80b\
\xe9\xfal\xd9\xdf\x0d\xa0\xd0'\xac\x1b\x88<0\xbb\x7f\
\xf5\xdc#\xf7\xf7\x0d\xfb\x1d\x00\x1c\x17o\xf6\xb6\x87\xa8\
H\xcfM\xce['\x8c\x9f\xfb\x19\xeb\x82\xa0\x09\xd0b\
\xddP*\x17\x0e\x8f\x00PE\xc8Kd\xbfk\xf8~\
\x07\x00U=\xdf\xdb\x1c\xa2\x22\x9d\xb2\xa4\xac\x06\x80\x5c\
\xb2\xfd|Q\x99c\xdd\x114\x11\x1cc\xddP2)\
\x94\xdd\xe9&\xa2\xbd\x11\xd17\xed\xef\xeb\xfb\x1c\x00\xf4\
\xc9\xd6z\x00\xaf\xf3\xbc\x88\xa8\x08[R\xad\x8d\xd6\x0d\
\xe3\xe1\x02U\xf7\xd3?\x00(\xe4(\xeb\x86RE\x1d\
7g\xdd@\xe4\x0d9w\x7f\xd7\xe5\xecs\x00\xe8O\
\xd7\x9e\x0d\xa0\xde\x8f$\xa2\xf1\xaau\x9d\xb2\xb9\x155\
\xb3\xa6\xed\x1c\x00\xaf\xb1\xee\xb0 \x8a\xb2\x1a\xd4\xf6f\
\xa8\xa6\xc0\x01\x80*\xc5\xc4lcf\x9fO\x05\xdc\xe7\
\x00P\x109\xcf\x9f\x1e\xa2\xf1sPS6\x03\x00D\
\xae\xb1N\xb0\x22\x15\xf0C\xc3\xe4'\xb6p\x00\xa0\xca\
\xe1:\xfb\x5c\xcb\xf79\x00\x88\xe2l_b\x88\x8a \
Ny\xdcK\x9f^3\xefBT\xe9O\xff\x15\xe3\xec\
C\xf8(`\xaa\x1c\x82s\xf6\xf5\xa5\xbd\x0e\x00;\x92\
\xadS\x00\x9d\xed_\x11\xd1\xb8\x9di\x1dp \xaa\x8b\
\x1d\x11\xa7j\x7f\xfa\x07\x00\x17\xd8f\xddP\xb2\x87&\
\xd7Y'\x10yFq\xea\xa6\x95\xf3\xf7zjn\xaf\
\x03\x80H\xdd\xeb\xf6\xf55\x22\x1bz\xd6\xce\x07\xeb\x84\
W\xae\xef\xd1v\x00U=8\x8b`\x87uC\xa9\xb6\
G\x86k\xad\x1b\x88<T\x13\x8b\x14^\xbb\xb7/\xec\
}\x00P\xf7l_s\x88\xc6\xef\x88\x5c\xaa\xfd\xf5\xd6\
\x11\xfb\xa2\xc9\xd6Z\xa8|\xde\xba\xc3\x9a\xbaZ\xf6\xf7\
\xd0\xd7D\x87x\x04\x80*\x8b\xe3\xec\xf54\xc0>~\
\xca\x97\xb3\xfcl!*\x86\x02\xef\xb3n\xd8\x97,j\
\xdf\xab\xc0\xd1\xd6\x1d\xe6\xc4\xe9\xb3N(\x95:N\xd9\
\xbf\xd5\x90hW\xaa\xba\xd75}\x8f\x01`\xcb\xdaK\
\xe3\xa8\x96\x97\x97P\xb9\xb9h\xf4\xf1\xd4\xa1\x92Y9\
\x7f*\x80\xeay\xe6\xff~\xa8\xb8e?\x00\x88\xe84\
\xeb\x06\x22\x8f\xbdR7.\x9c\xf0\xd2\xdf\xdcc\x00\xa8\
w\x07_\x05 \x12H\x12\xd1\xf8\xd4HA\xbfm\x1d\
\xb1\x87\xa8\xfb\x1d\x00\x07[g\xd8\x93-M3z\x1e\
\xb3\xae(\x99+\x87['\x10y\xac6\x93\x1b9\xe5\
\xa5\xbf\xb9\xc7\x00\xa0\xc0\xab\x83\xe9!*\xca\xb9\xd95\
\x1d\xf3\xac#^\x90M\xb6\xb7\x01x\xa7uGH\xdc\
+\x82\xb2\xbf\x85\xce\x15\xbc\xcc\xba\x81\xc8k\x8e\xec\xb9\
\xb6\xef9\x00\xa8sz09DE\x12\xfdA.9\
\xd7\xfc\xads\xb9\xd5\xf3\xe7(\xf0}\xeb\x8e\xb0\x10\xd5\
\xdb\xad\x1b<!\x98n\x9d@\xe45\x85\xee\xb1\xb6\xef\
6\x00\xa8B\x04\xca#\x00\x14j\x0a4\xba\x88\xfcb\
 \xb9\xc0\xec\xb9\xf3\xdbW\xb5\x1d\xe3:\xee\xaf\x00\xc4\
\xac\x1aBfp\xb8~\xf8\xe7\xd6\x11^\x10\xe55P\
T\x89d\xff\x03\xc0\x8e5\x17\x1f\x03`J`=D\
\xc5;2\x8f\xc2\x1fs\xa9\x8eW\x06\xbd\xe3L\xb2\xbd\
%\x1a\x91\xe5\x00\xca\xe7\xf1\xc4\xfe\xbbm\xca\xb1\xbde\
\xff\x0c\x00\xd5\xd6\x08*\xe0\x95\xc6D{1-\xb7v\
\xeen\x17\xb8\xee6\x00D\xa4\xe6\xa4`{\x88J2\
\xcdU\xfd}6\xd9\xde\x11\xd4\x0e\xb3k\xda\xde\x04\xe0\
A\xde\xf2\xb7;u\xe5\x9b\xd6\x0d^\xc8\xa6jO\x00\
\xb0\xc7\xd5\xd2D\x95 \xefFw;u\xba\xfb5\x00\
\xa2\xe6\xe7U\x89\xc6)\xa6@g&\xd9\xbe<\xdd\xb7\
\xe0x\xbfv\xb2uC\xeb\xc4L\xb2\xfdz\x15\xb9\x1d\
\xc0D\xbf\xf6S\x96\x04\x0f6\xcd\xeaz\xd0:\xc3\x13\
\xb2\xf7\xfb\xa5\x89*\x81\x03w\xb75>\xba\xeb/\x14\
rr\x05\x5c\xc4K\xd5\xe9\x0d\xe2\x16\x92\x99d\xfb\xcf\
!\xfa\xadxK\xcf\x1f\xbc\xd8\xa8\xaeX\xd4\x90\x99\x90\
k\x97A|\x1e\xe0\xd5\xe1{%\xee\xa7\xad\x13<\xa3\
\x12\xda\xa7M\x12\x95Nv\x1b\x00v{\xb6z&\xd9\
\xfe\x0c\xf8\x97\x1cU\x86u\x0a\xbd\xdd\x11\xdc\xd1X\xb3\
\xed>i\xbech\xac\x1f\xd4{\xce\x8ef\x0e>\xe2\
48\xee\xbf\x0b\xe4\xdd\x00&\xfb\xd8Y\xd6\x04\xf2\xcb\
X\xa2\xebm\xd6\x1d^P]\xecdS\xeb\x9f\x03\x9f\
\xe9@\x15J\x80\x8d\xb1D\xf71\xbb\xfcz\xa7\xec\xea\
y\x87\xaa\xe3l\xb2\xc9\x22\xf2U\x16\xc0\x9f\x01\xa4D\
d\x03\xd4\xfd\xa7+N\xce\x81\x9b\x05\x00-\xa0I\x22\
r\x94.<\xcaH\x00\x00 \x00IDAT\xaa\xbe\
B!'\x08\xf0Z\xf0\xea\xfe\xb1HG\xdc\xc2\xcc\x86\
Y\xcb\xca\xfe\xf9\xff\xc0\xce\xdb:]\xc7\xfd\xabu\x07\
\x91\x8ftd\xc2\xf0\xe4\x17.\xd8}\xf1\x14\x80\x222\
\x03<\xfcO\x95)\x06\xe0\x0d\x00\xde\xa0\xaa\x00\x04\xa2\
\x8a\x17_.\xe8\x00\xaa\xd8\xf9\xfbf\x89\xe5GE\xfe\
\xa3R\x16\x7f\x00P\xc7}\x97u\x03\x91\xcf$2T\
;\x03\xc0\x9f\x80]/\x02\x14MX\x15\x11Q\x99\x11\
,mj\xe9\xfa\xa1u\x86WF_5\xddj\xddA\
\xe47\xd1\x7f\xdd\xe6\xba\xeb\x00\xc0\xa7_\x11\xd1\x01)\
\xf0\xd7\xdc\x88\xf3\x1e\xeb\x0e/\xa5S\xf3OS\xe0\x15\
\xd6\x1dD\xfe\x93\x19/\xfc\xd3\xaew\x01\xf0\xe1\x17D\
t \x8f9\xae{\xe1a\xb3\xbbs\xd6!^r\xc4\
\xbd\x8cg@\xa9\x1a8\xd0\x19\xff\xfa\xe7\x17\xfdk*\
 \x22\xda\x8bu\x91<\xce\x89\xcdZ\xfa\x9cu\x88\x97\
\xb6\xafj\x9b\x0cE\xbbu\x07Q@v?\x05\xb09\
\xd9\x1a\x03o\xff#\xa2}\xfb\x9b\xb8\xeeY\x0d\xb3\xbb\
\x9f\xb2\x0e\xf1Z4\x82\xcb\x004Xw\x10\x05A\x81\
\x97\xeb\xfa\xf3\xeb\x80\xd1\x01\xa0\xc1\xa9\xe5cM\x89h\
_\x96\x0f\xd7\xe2\xacJ\xfb\xc9\x1f\xd8\xf9\xcc\x07@>\
`\xddA\x14 '\x93?\xe4\xe5\xc0\xe8\x00\xe0\xbaz\
\xcc\xfe\xbf\x9f\x88\xaa\x91\x02\x9d1\x0c_pPsw\
\xda\xba\xc5\x0f\x99C\xa7]\xc2\xf7:P\xb5q\x5c\xf7\
\x18`\xf4\x22@Gq\x8c\xf2\x06h\x22\xda\xdd\xf5\xf1\
\x96\xee\x8fH\x85>\x1f\x5cW,\xaa\xc9i\xee3\x15\
\xf9\x87#\xda\x0f\x15\xfd\xd7\x00\xa0\x22\x9c\x80\x89\xe8\x05\
y\x00\x1f\x8a'\xba\xbfg\x1d\xe2\xa7lC\xf6r(\
\xff\xee\xa3\xea\xa3\x8a\x7f\x0d\x00\x02y\x85V\xe6\x90O\
D\xe3\xb3C sc\x89\xae;\xadC\xfc\xb4uC\
\xebD\x0c\xca\xe7\xac;\x88,\x88\xec<\xed\xb5\xf3\x08\
\x00p\x84m\x0e\x11Y\x13`\xa3\xc2\xbd0\x96X\x9a\
\xb4n\xf1[\xcd`\xed5\xe0\x9dOT\xa5Dq8\
\xf0\xe2s\x00t\x9ae\x0c\x11\x99\xfb#\x5c\xf7\xf4x\
\x15,\xfe\xd9\xd5\xf3N\x04\xf0~\xeb\x0e\x22+\x0aL\
\x03\x00GW,\xaa\x01p\x88q\x0f\x11\x19Q\xa03\
V\xbb\xb5\xe2\x1e\xf0\xb37\xaa\xad\x118\xce\x0f\xb0\xfb\
SP\x89\xaa\xcda\xaa\x8b\x9d\xe8`\xfd\xe0\xcb\xb0\xdb\
\x13\x01\x89\xa8J( _hJt-\xb6\x0e\x09J\
6Y\xf7i\x88\x9ef\xddAd\xac&\x97\xfa\xfb\xd4\
\xe80\xf4e\x5c\xfd\x89\xaa\xce\x0eG\xb4\xad\xb1\xa5\xfb\
\xd7\xd6!A\xc9\xadi?\xd5\x15\xe5\x85\x7fD\x00D\
\xf2\xd3\xa2\x02=\xd4:\x84\x88\x82$\x1b\x80\xc2E\x8d\
-\x95\x7f\xbe\xff\x05\x9bV\xceot\xc5\xed\x04Pc\
\xddB\x14\x0a\xaa\x87:\x80;\xc5\xba\x83\x88\x82\xa2w\
\x17\x0a\xee\xa9\xd5p\xb1\xdf\xae\x1a\xa3\xfa}\x00'X\
w\x10\x85\x85\x02\x079\x0ep\xb0u\x08\x11\x05A\x96\
\xc4\x06b\x17L:\xb1g\x9buI\x90\xb2\xc9\xb6\x8f\
\x03\xca\xb7\xfd\x11\xedB\xa1S\xa2\x80\xf0\x08\x00Qe\
\x1bV\xd1\x0f4\xb5t\xdf`\x1d\x12\xb4l\xaa\xed\x5c\
U\xf9\x8au\x07Q\xf8\xc8AQ\x058\x00\x10U\xae\
\xe7T\xf1\xefM\x89\x9e\x07\xacC\x82\x96^5o\xba\
\xaa\xdc\x0a\xde\xf2G\xb4'\xc1A\xa3G\x00\xf8\x18`\
\xa2\xca#\x8fD\xe1\xbc\xbd~\xe6-OX\x97\x04\xad\
\x7fe\xfb\x11\x85\x08~\x03\xfe\x80C\xb4/S\x1c\x85\
\xc6\xad+\x88\xc8s?\xc9\xe5\xe5\xcc\xfaD\xf5-\xfe\
\xdb\x1eY8\xa9P#\xb7\x038\xca\xba\x85(\xacD\
%\x16\x15\xa0\xc1:\x84\x88<\xa3P\xb9:\x96\xe8\xfa\
b\xbcB_\xe3\xbb?\x9b\x93\xad\xb1(F~\x0d\xc5\
\x89\xd6-Da\xa6\xd0X\x14@\xcc:\x84\x88<\x91\
\x85\xab\x97\xc4gu\xff\xd4:\xc4\xc2\xb6G\x16N\x8a\
\xca\xc8\xedP\x9cn\xddB\x14v\x024F\xc1#\x00\
D\x95\xe0\x09q\xdd\x0bc\xb3\x96\xae\xb2\x0e\xb1\x90Y\
\xdfz\x08\x86\xf3\xbf\x81\xe2d\xeb\x16\xa2r\xa0\xa3\x03\
\x00\x8f\x00\x10\x95\xb7\xbfE\xf2\xb8\xb0a\xf6\xd2\xa7\xac\
C,d\x93\x0b\x0f\xd3\xe1\x91\xbb\x00\x9de\xddBT\
.\x04ht\x00L\xb0\x0e!\xa2\xa2\xfd,6\xd0\xf8\
\x9a\x86\xd9\xddU\xb9\xf8\x0f\xa4\xda^\xae\x18\xb9\x0f\x00\
\x17\x7f\xa2qP\xa0\xc1\x01\xef\x91%*K\x0a|#\
\xd6\xd2\xfcN\x99\xb3\xa4\xdf\xba\xc5Bzm\xc7\x09y\
\x95\xfb\x00\x1cg\xddBT\x86\xa2Q\x00\x11\xeb\x0a\x22\
\x1a\x17\x17\x82\x0f5\xb5t\x7f\xd7:\xc4JfM\xdb\
9(\xe8O\xc0\xfb\xfc\x89\x8a\x15u\xc0\xb7c\x11\x95\
\x93\x82(.\x8dW\xf1\xe2\x9fN\xb6_\x0a\x91;\xc1\
\xc5\x9f\xa8h\x02Dx\x0a\x80\xa8|\x0cC\xe5\xe2\xd8\
\xcc\xee\x9b\xadC,\xa8B2\xc9\x8e\xc5\x02\xdc\x00\xa0\
\xd6\xba\x87\xa8\x9c)\x94\xa7\x00\x88\xcaD\xbf\xb8xG\
lV\xd7]\xd6!\x166'[c\xd9Tm\x17\xa0\
\x17Y\xb7\x10U\x06\xa9\x89\x02p\xc1!\x80(\xcc\xb2\
\x0ayK|V\xd7}\xd6!\x16\xb6\xaf\x9d\x7ft\xa4\
\xe0\xfe\x14\xc0I\xd6-D\x95\xc4\x014o\x1dAD\
\xfb4,\xaa\xeflJT\xe7\xe2\x9fK\xb5\xbd%R\
pW\x80\x8b?\x91\xc7t$\x0a\xc80\x80:\xeb\x14\
\x22\xdaC^E.\x8e'\xba\x7fc\x1d\x124\xd5\xd6\
H6U\xfbyW\xf1i\x00b\xddCTy\xa4\x10\
\x050b\x9dAD{#\x1fmj\xe9\xfa\xb9uE\
\xd0\xd2\xeb\xe6\x1d\x9c\xeds\xba\x01\xbc\xd1\xba\x85\xa8\x82\
\x8dD\x01\x0c[W\x10\xd1K(\xbe\x1b\x9f\xd9\xf5m\
\xeb\x8c\xa0\xa5Ww\x9c!y\xbd\x15\xc0\x11\xd6-D\
\x15\x8eG\x00\x88B\xe8\xbe\xd8\x96\xa7\xaf\xb4\x8e\x08\x92\
\xeab'\x93|\xf4\x13\x22z\x0d\xf8l\x12\xa2 \x8c\
D\x05\xc8W\xddK\xc3\x89\xc2k[Tt\xbe\x9cs\
o\xd5\x5c\x9c\x9bY\xdfzH&\xb5\xfef\x119\xdf\
\xba\x85\xa8Z\x080\x10U\x9e\x02 \x0a\x0bU\x17\x0b\
\xeag\xf5\xfc\xc3:$(\xd9\xd5\xedo\xd4a\xdc\x22\
\xc0\xa1\xd6-D\xd5D\x81\x5c\x14@\xd6:\x84\x88\x00\
@\xbe\xd74\xab\xebW\xd6\x15A\xd0\x15\x8bjr\x0d\
\xfd\xd7\xa8\xea'\x008\xd6=D\xd5FF\x07\x80\xed\
\xd6!D\x84M\xf9\xe1\xe8\xa7\xad#\x82\xb0}U\xdb\
1\xb9H\xaeG\x15\xaf\xb2n!\xaaV\x0a\xe4\x1c@\
9\x00\x10Y\x13\xfd\xe8\xe4\x93o\xaa\xf8\xff\x163\xc9\
\xf6wF\x22\xb2B\xc1\xc5\x9f\xc8\x92@\xb2Q\x81\xec\
\xe0E\x80D\x86\x04\xf7\xc6[z\x96Yg\xf8i\xcb\
\xdaK\xe3u\xee\xd0\xb7\xa0\xb8\xc4\xba\x85\x88\x00\x15\xcd\
F]\xe8v\xe1\x83\xb6\x88\x0c\xe9\xd5\xd6\x05~\xca\xf5\
\xb5\x9d\xe2\x16\x86\x96\x02h\xb6n!\xa2Q\xaa\xcf;\
\x02\xd9a\xddAT\xc5~\x1bo\xe9\xf9\x83u\x84\x1f\
T!\xd9T\xc7\x95\xae+\x0f\x82\x8b?Q\xc88\xcf\
Gw^\x03\xc0#\x00D&\x1c\xf7\x1a\xeb\x04?d\
\x93\x0b\x0f\xcb\xf6\x8d\xdc\x0cU>\xce\x97(\x94\xdc\xad\
\x8e\x88S\xf1\x17\x1e\x11\x85T_|\xc6\xd2\xdf[G\
x-\x97j{\x8bbd%\x94\xcf\xf2'\x0a+\x01\
\x9e\x8f\xa2\xa0\x9bx\x17.Q\xf0T\xe4G\xd6\x0d^\
\xd2\xf5\xe7\xd7e\x87\xa6\x5c\xeb*\xae\x04\x0f+\x12\x85\
\x9c\xf3|T#\xce3P\xd7\xba\x84\xa8\xda\xe4#@\
\x97u\x84W\xfaW\xcf=2;\x1c\xf91\x04\xaf\xb6\
n!\xa2\x03\x13\xe4\x9fs\x5c\x1d|\xc6:\x84\xa8\xea\
\x08\xeeol\xe9z\xd6:\xc3\x0b\x99\xbeyg\x15\x9c\
\xc8\xdf\x00.\xfeD\xe5B]y\xc6\x99\x98\xe8\xdd\x0a\
`\xc0:\x86\xa8\x9a\xa8\xe2.\xeb\x06/\xa4\x93m\x17\
\xc1u\xee\x000\xc5\xba\x85\x88\xc6l\xa4q\xe6\x09[\
F\xcf\xfe\x0b\x8f\x02\x10\x05(\xe2:w[7\x94*\
\x9dj\x7f\x87@~\x02\xa0\xde\xba\x85\x88\xc6\xe5Y\x91\
\xc5\xee\xe8\x00\xa0\x1c\x00\x88\x82\xb3\xa3a\xe6\xb1\x0f[\
G\x94\x22\x97j{\x8b(\x96\x01\x88Z\xb7\x10\xd1\xf8\
\x08\xf0,\xf0\xc2[\xb8T\x9e6\xad!\xaa.)\x91\
\xc5e{\xe5m&9/\xe1\xaa,\x03Pk\xddB\
D\xe3\xa7\x82\xa7\x81\xd1\x01@E9\x00\x10\x05D\xa0\
k\xad\x1b\x8a\xb5\xed\x91\x85\x93\x00\xe7\xe7\x00\xe2\xd6-\
DT\x1cUl\x04F\x07\x00\x11\xdd`\x9bCT=\
\x5c\x91\xb2\x1d\x00\xa2\xb5\xf9o\x038\xce\xba\x83\x88\x8a\
'\x82\xc7\x81\x17\x06\x00`\xbdm\x0eQ\xf5p\x14O\
Y7\x14#\xb3\xba\xed\xdf\x00m\xb7\xee \xa2\xd2\x88\
\xca\xbf\x06\x80\x08\x07\x00\xa2\xc0\xb8.\xd2\xd6\x0d\xe3\xa5\
O\xb6\xd6\xc3\x91\xff\xb1\xee \xa2\xd2\x15\xc4\xdd\x00\x8c\
\x0e\x00\x13f\x1c\xff$\x80A\xd3\x22\xa2*!Q7\
c\xdd0^\xd9t\xcd\x7f\x028\xca\xba\x83\x88J\xe6\
6\xd5l{\x02x\xf1\x1a\x80\xc5.\x00^\x07@\x14\
\x00\x07\x92\xb5n\x18\x8f\x9d\x17\xfe\xc9\x7fXw\x10Q\
\xe9\x04\xf8\x874\xdf1\x04`\xd7\xd7\x00)O\x03\x10\
\x05\xa0\x00-\xab\xdb\xe7\xa2u#W\x80W\xfd\x13U\
\x8a\xd4\x0b\xff\xf0\xe2\x00 \x10\x0e\x00D\x01p\xdc\xc8\
D\xeb\x86\xb1\xd2{\xce\x8eBq\x85u\x07\x11y\xc3\
\x85\xf4\xbd\xf0\xcf/\x0e\x00\xae\xe8:\x9b\x1c\xa2\xea\xa2\
@\x93u\xc3X\xf5\x1f:\xed\x8d\x00^f\xddAD\
\x9e\xd9\xf3\x08@\xa4\x10Yi\xd3BTu&[\x07\
\x8c\x95\xabr\x89u\x03\x11yGE\xf7<\x02\xd0\x10\
\x8b\xac\x01\x907)\x22\xaa\x22\x0a\xf7x\xeb\x86\xb1\xd8\
y\xf1\x1f\xdef\xddAD\x9e\xd1|\xcd\xde\xae\x018\
\xfa\xa6A\x00<\x0d@\xe43\x81\x9ch\xdd0\x16\xd1\
\xda\xfc\xc5\x00&Xw\x10\x91W\xe4\xf1\x83\x9a\xbb_\
|\x0e\x89\xf3\x92/\xfe-\xe8\x1c\xa2*t\xa2*\xc4\
:\xe2\x80D\x17X'\x10\x91\x97\xdc\xdd\xd6\xf8\xdd\x06\
\x00\x15\xf0:\x00\x22\xffM\xedO\xb6\xcf\xb1\x8e\xd8\x9f\
L\xb2\xbd\x05\x8a\xd3\xad;\x88\xc8C\x22\x8f\xec\xfaK\
\xe7%\xbf\xe0\x11\x00\xa2\x00(\xf0N\xeb\x86\xfd\xday\
\xeb_\xf8\x8fR\x10\xd1\x989\x8a\x87w\xfb\xf5\xae\xbf\
\xd0\x11\xe1\x11\x00\xa2 \x08ZU\x17;\x07\xfe\xc6\xe0\
mY{i\x1c\x82\x0e\xeb\x0e\x22\xf2\x98\xc8\xbeO\x01\
\xc4gwnV\xe0\x1f\xc1\x16\x11U\x1f\x05\x8e\xce\xf6\
\xado\xb5\xee\xd8\x9b\x09\xf9\xa1\x05(\xa3g\x15\x10\xd1\
\x98<\xd5\xd8\xd2\xf5\xec\xae\xbf\xb1\xc7O \x02<\x10\
\x5c\x0fQ\x15S\x5c\x15\xb6\xa3\x00\xbabQ\x8d\x08\xf8\
\xdc\x7f\xa2\x8a#\x7f|\xe9\xef\xec\xf9\x97\x8f\xe2\xc1@\
Z\x88\xa8%\x93z4TW\xdag\x1a\xb2\x0b\x148\
\xda\xba\x83\x88\xbc%\xc0\x9f^\xfa{{\x1e\x01\x10\xe5\
\x11\x00\xa2\x80\x08\xe4\x7f\x07\x92\x0bB\xf1\x9a\xdd\xe7\xd7\
\xb77\x89\xcaU\xd6\x1dD\xe4=\xd7\x1d\xc3\x00\xd0\xd8\
2\xb2\x1a@\xd9\xbd\xaf\x9c\xa8LM\xcc#\xff#\xd5\
\xd6\x88uH\xed\x08\xbe\x0e \x14\xc3\x08\x11yj8\
\x1e\x8b>\xfc\xd2\xdf\xdc\xcb\x11\x80\xde\x02\x80?\x07\x92\
DD\x00\xe4\xf5\xb9T\xdd\xf7-\x1f\x0e\x94Nu\xbc\
\x1d\x8a\xcb\xad\xf6OD\xbezx\xf4i\xbf\xbb\xd9\xc7\
\x05H\xc2\xd3\x00D\x01R\xe8e\x99\xbe\x8eoX\xec\
;\x9d\x9c\xf7ZQ\xed\x01\xef\xfb'\xaaH\x02\xdc\xbb\
\xb7\xdf\xdf\xeb\x00 \xc2;\x01\x88\x82&\xaa\x1f\xcd$\
\xdb\xbb7\xad\x9c\xdf\x18\xd4>3}\xf3\xce\x128\xb7\
\x01\xa8\x0fj\x9fD\x140\x17\xf7\xec\xed\xb7\xf7:\x00\
4\xc6\x87\xee\x07\xb0\xc7\xe1\x02\x22\xf2][c\xd4\xfd\
cf\xf5\xfc\x19~\xef(\xb3\xa6\xfd\x0a\xb8\xce\xdd(\
\xa3\xd7\x13\x13\xd1\xb8\x0dg]g\xaf?\xd4\xef\xf3\x90\
_&\xd9~7\x80s}K\x22\xa2\xfd\xc9\x03r\xa3\
\xb8\x85\xabb\xb3\x96>\xe7\xe5\x86s\xc9\xb9'\xbb\x88\
\xfe\x0f\xa0gy\xb9]\x22\x0a#\xb9?\x9e\xe8:s\
o_\x89\xee\xeb#*\xb8[\x94\x03\x00\x91\x91(\xa0\
\x8b\xd4q\xe6f\x92\xed=\xaa\xe8\x8a'\xba\x1f\x14\x81\
\x16\xb31\xd5\xd6H\xba\xaf\xee\xcd\x8e\xba\x97\xbb\x90\xb7\
\x01\x1a\xaa\x07\x10\x11\x91OT\xef\xdd\xd7\x97\xf6y\x04\
 \x9bl;I\xb1\xfb\x9b\x83\x88\xc8\x8e\x02\xff\x10\xc1\
\x83\x0a\xfc\x0d\xae\xdb\xe7D\x9c\xbf\xbb\x88<\x13\x9f~\
\xcb\xd6]\x07\x03}\xb2\xb5>\x93\xad?R\x0a\xf9\xc3\
\xc5qNTu\xcf\x04\xe4L\x00S\x0d\xf3\x89\xc8\x80\
B^\xd7\x94\xe8\xbaoo_\xdb\xe7\x00\xa0\x0a\xc9\xa6\
\xda7\x81\x7fi\x10\x95\x83\x01\x01\x5c\x05\x02\xbb\x80\x90\
\x88Bo{l\xf3\xd3\x87\xc89\xf7\xe6\xf7\xf6\xc5}\
\x1e\x06\x1c\xfd\x89b\xb9oYD\xe4\xa5z.\xfeD\
\xf4\x12\xcb\xf7\xb5\xf8\x03\xfb\x19\x00\x00@\xa1w{\xdf\
CDDD~S\xd1;\xf7\xf7\xf5\xfd\x0e\x00\x8e\xab\
w\x00p=-\x22\x22\x22\x22\xbfitD~\xb3\xbf\
o\xd8\xef\x000z\xfb\xd1\x1e\xaf\x10$\x22\x22\xa2P\
[\xd90\xbb\xfb\xa9\xfd}\xc3\x01o\x05\x12\xe8\xcf\xbd\
\xeb!\x22\x22\xa2\x00\xfc\xec@\xdfp\xc0\x01 \x1f\x89\
\xfc?oZ\x88\x88\x88(\x08\xe2x0\x00L\x9a\xde\
\xb9\x11\xc0jO\x8a\x88\x88\x88\xc8W\x02l\x8c\xcd\xe8\
>\xe0\xba=\xd6\xa7\x81\x1dp\x92 \x22\x22\x22{.\
dLG\xee\xc74\x008(\xf0:\x00\x22\x22\xa2r\
\xa0c\xbbvo\xcc\xef\xff\xce$\xdb7\x008\xa6\xe8\
 \x22\x22\x22\xf2\xdb\x13\xb1\x96\xeeW\x8c\xe5\xbd!\xe3\
y!\xc8\xd2\x12\x82\x88\x88\x88\xc8g\xa2X6\xd6\x97\
\x86\x8dy\x00\xd0\x82\xdbU|\x12\x11\x11\x11\xf9M\x1c\
\xb9u\xcc\xdf;\x9e\x0dg\x92\xed+\x00\x9c2\xee\x22\
\x22\x22\x22\xf2\x99l\x88'\xba\x8e\x1b\xebw\x8f\xeb\x9d\
\xe0\xa2\xda=\xfe \x22\x22\x22\xf2\x9d\xb8=\xe3\xf9\xf6\
q\x0d\x00P\xed\x01\xb0\xcf7\x0b\x11\x11\x11\x91\x09u\
\xd5\xb9e<\x1f\x18\xd7\x00\x10\x9b\xb5\xf49\x08~7\
\xbe&\x22\x22\x22\xf2\xd9}\x13\x13]\x8f\x8d\xe7\x03\xe3\
;\x02\x00@\xa0\xbc\x18\x90\x88\x88(D\x14r\xd3x\
?3\xee\x01\xa01>\xf2\x13\x00[\xc7\xfb9\x22\x22\
\x22\xf2\x9e\x00\xb9\xa1H\xedO\xc6\xfb\xb9\xf1\x1f\x018\
\xb2w\x00\x00\x8f\x02\x10\x11\x11\x85C\xef!\xd3o\xcc\
\x8c\xf7C\xe3\x1e\x00F}\xbf\xc8\xcf\x11Qi\x9eT\
\xa0\x13\xd0+\x1d\xe0-\x1a\x91\xe9\x85\x82N\x89\x0d4\
6\xc6\x13\xddR(\xe8\x94\xa8\xe8+\x5c8\xafV\xc8\
\xa5\x02|\x0d\xc0\x9f\x00\x14\xac\xc3\x89\xc8\x1f\xae\xe3.\
)\xe6s\xe3z\x0e\xc0\xae2\xc9\xf6?\x008\xb3\xd8\
\xcf\x13\xd1\x98\xad\x07\xd0\xa5NdY\xd3\x8c[\x1e-\
f\x03[7\xb4N\xac\x19\xaa9_U.\x11\xe0<\
\x00\x11o\x13\x89\xc8\xc8\xcax\xa2\xfb\xa4b>\x18-\
v\x8f\x02\xfd\xbeB8\x00\x10\xf9F~/\xc0\xb5\xb1\
D\xd7\x9d\xa5ni\xca\xb1\xbd;\x00,\x03\xb0\xac\x7f\
e\xfb\x11\x85\xa8~\x1c\x90E\x00\xeaK\xce$\x22K\
\xdf+\xf6\x83E\x1f\x01\xd0\x8d\x0b'd\xfbG\x9e\x04\
pp\xb1\xdb \xa2\xbdJ\x01\xce\x87\xe2\x89N_o\
\xb9\xcd&\x17\x1e\x06\x8c|I\x81w\xa3\x84\xbf\x0b\x88\
\xc8Lf0Rwx1\xe7\xff\x81\xe2\xaf\x01\x80\x1c\
}\xd3\xa0\x027\x17\xfby\x22\xda\xc3\x88\x02\xff\x15\x1b\
h<\xc9\xef\xc5\x1f\x00b\x89\x9b6\xc5\x12\xdd\x97)\
\xdc\xd7\x01X\xe7\xf7\xfe\x88\xc8k\xd2U\xec\xe2\x0f\x94\
0\x00\x00\x80\x1bq\xbe\x03^\x5cDT2\x016\xba\
p\xcelJt_+s\x96\x8c\x04\xb9\xef\xa6\xc4\xd2\
\xfb\x07#u\xa7\x02\x18\xf3KD\x88\xc8\x9c\x02\xfa\xed\
R6P\xf2a\xbfL\xb2\xe3\xc7\x80\xb6\x96\xba\x1d\xa2\
j%\xc0_\xb4v\xf8\xad\xf1\xe6\xde-\xd6-\xe9d\
\xfb\x7f\x09\xf0%\xf0\x94\x00Q\xa8)pgS\xa2\xfb\
\xfcR\xb6Q\xd2\x11\x00\x00p!\xdf(u\x1bDU\
KpW6\xef\xbc>\x0c\x8b?\x004%\xba\xbf\xa2\
\x8a\xf7\x82G\xf6\x88B\xcdQ\xfd\xdfR\xb7\xe1\xc9\x94\
\x9fI\xb6\xdf\x0f\xe05^l\x8b\xa8\x8a\xfc)\x97w\
\xce=lvg\xce:\xe4\xa52\xc9\xb6E\x80\xf0y\
\x1fD\xe1\x94\x8c\xb5t\xcf\x12\x81\x96\xb2\x91\x92\x8f\x00\
\x00\x80\x0ax\x14\x80h|R\xf9\xe1\x9a\xf3\xc3\xb8\xf8\
\x03@<\xd1\xb3\x04;O\x05\x10Q\xc8\xa8\xe2\x9b\xa5\
.\xfe\x80G\x03@|F\xf3/\x00\x8c\xeb-DD\
\xd5J\x80\x1c\x80\xd6\xc9'\xdf\xb4\xdd\xbae\x7fb-\
\xcdWAp\x97u\x07\x11\xed\xe6\xb9\xf8\xc4aO\x1e\
\xc7\xef\xc9\x00 \xb2\xd8\x85\xa2\xe4\xf3\x11D\xd5\xc0\x85\
~0\x9e\xe8NYw\x1c\x88\xc8bW\x0a\xee\x02\x00\
\x9b\xac[\x88h'\x15\xfc\xf7\xe8;yJ\xe6\xc9\x00\
\x00\x00\xb1\xc6\x9a\x1b\x00<\xe3\xd5\xf6\x88*\x93\xfc>\
\xde\xd2S6\xcf\xcf\x88\xcdZ\xfa\x9c\xa8|\xcc\xba\x83\
\x88\x00\x00;\xf2u\xc3\x9e]\x9b\xe3\xd9\x00 G\xdf\
4(\xbc#\x80h\x7f\x86\xd5q\x16yq\xee.H\
\x8d\x89\xaee\x10\xdck\xddAT\xf5\x14\xdf\x1a}\xac\
\xb7'<\x1b\x00\x00\xa0q\xa0\xe1{\x00\x9e\xf3r\x9b\
D\x95Cn*\xf6e>\x96D\xa0\x8e\x8b\xff\xb4\xee\
 \xaar\xfd\xa8\x1b\xbe\xde\xcb\x0dz:\x00\xc8\x9c%\
\xfd\x02\xfd\xba\x97\xdb$\xaa\x10#\x85\x88\x5ck\x1dQ\
\xac\xc6\x99\xdd\x7f\x05\xf0[\xeb\x0e\xa2j%\x22\xdf\xf2\
\xfay!\x9e\x0e\x00\x00\x90\xcdG\xfe\x0f\x90P<\xd4\
\x84(<\xf4\xb6I\xd3;7ZW\x94B \x1c\xee\
\x89l\xec(\xe8\xd0W\xbd\xde\xa8\xe7\x03\xc0a\xb3;\
s\xaa.\xaf\x05 \xda\x85+\xce\x8f\xac\x1bJ\xd5\xd8\
r\xdc]\x00\x9e\xb6\xee \xaa:\xa2_\x9f\x98\xe8\xdd\
\xea\xf5f=\x1f\x00\x00`PF\xbe\x03\xe0\x9f~l\
\x9b\xa8\x0c\xfd\xb3\xe9\xb9\xa7~c\x1dQ\xaa\xd1\xdb}\
{\xad;\x88\xaa\xcc\xe6\x01\x1d\xf1\xe56{_\x06\x80\
\xa9\x89\xde\xac\x08\x9f\x22F4\xea\xb7r\xce\xbdy\xeb\
\x08/\x08\xf4N\xeb\x06\xa2j\x22\x22_\x9e\x9a\xe8\xcd\
\xfa\xb1m_\x06\x00\x00h\xd4\xe1\xef\x02\xb2\xc1\xaf\xed\
\x13\x95\x0b\xd5\xca\xb9x\xaeq0v\x1f\x80a\xeb\x0e\
\xa2*\xf1Dc\xcd\xf3\xdf\xf3k\xe3\xbe\x0d\x00\x92\xe8\
\x1d\x16\xe8U~m\x9f\xa8\x5c8\xa2\x7f\xb5n\xf0\x8a\
\xccY\xd2\xaf\xa2\xab\xac;\x88\xaa\x81\x8a~A\x9a\xef\
\x18\xf2k\xfb\xbe\x0d\x00\x00\xd0\xd8\xd2\xbd\x14\xc0C~\
\xee\x83(\xe4\xdc\xc6\x81X\xd9\xdd\xfb\xbf?\xa2\xce:\
\xeb\x06\xa2\xca\xa7\x8f\xc6\x9f{\xc6\xd7\xa7\x86\xfa:\x00\
\x88@E\xf4S~\xee\x83(\xcc\x04xB\xe6,\xe9\
\xb7\xee\xf0\x96\xbb\xde\xba\x80\xa8\xf29\x9f\xf3\xfb\xda!\
_\x07\x00\x00\x88\xb5\xf4,\x07P\xf6W@\x13\x15C\
\x81\xe7\xad\x1b\xbc\xe7\xf0\xe5@D\xfez(\xd6\xd2\xe5\
\xfb\x1d7\xbe\x0f\x00\x00 *\x9f\x04P\x08b_D\
!\x93\xb6\x0e\xf0\x9a\xc0\xf5\xe5\x8ad\x22\x02\x00\xa8*\
\xae\x0c\xe2\x9d!\x81\x0c\x00\xb1\x99]+\x01Y\x12\xc4\
\xbe\x88\xc2D\x81A\xeb\x06\xaf\xb9\xe2\xe4\xac\x1b\x88*\
\x95\xaav6\xcd\xec~ \x88}\x052\x00\x00\x80\x8b\
\xa1\xcf\x82\x0f\x07\xa2*#\x82z\xeb\x06\xaf9\xaa\x0d\
\xd6\x0dD\x15*\x13q\x9c\xc0\xae\x9b\x0bl\x00\x18}\
\x8c\xe1\xe7\x82\xda\x1fQ\x18\xa8\xa2\xd1\xba\xc1k*:\
\xd1\xba\x81\xa8\x12\x89\xea\xd5\x8d-]\xcf\x06\xb5\xbf\xc0\
\x06\x00\x00\x88\xb54/\x01o\x0b\xa4*\x22\xc0a\xd6\
\x0d>8\xc8:\x80\xa8\x02%\x1b\x07c\xdf\x0er\x87\
\x81\x0e\x00\x22\x8b]G\xf1~\x00n\x90\xfb%2t\
\x84>\xd9ZQ\xa7\x01T\xe5\x04\xeb\x06\xa2\xca\xe3|\
X\xe6,\x19\x09t\x8fA\xee\x0c\xd8\xf9^q\x01n\
\x09z\xbfDF$\xb7\xa3\xeex\xeb\x08/\x090\xc3\
\xba\x81\xa8\xc2\xdc\x1aOt\xfe.\xe8\x9d\x06>\x00\x00\
\x80\xe6\x9dO\x02\xf0\xfc\xd5\x86Da\xa4\x8e\xbe\xc6\xba\
\xc1+\xbabQ\x03\xa03\xad;\x88*\x85\x00\xb9H\
\x1e\x1f\xb7\xd8\xb7\xc9\x00\x10\x9f\xdd\xb9Y\xa1\xffa\xb1\
o\xa2\xc0)\xce\xb2N\xf0J\xae\xbe\xffu\x80\xd4Y\
w\x10U\x0a\x17\xf8b\xc3\xec\xee\xa7,\xf6m2\x00\
\x00@\xbc\xa5\xe7f@\xef\xb6\xda?Q\x80\xce\xd5d\
k\xadu\x84\x17\x5c\xc1\x1b\xad\x1b\x88*\xc8\xea8\x86\
\xff\xdbj\xe7f\x03\x80\x084*x\x0f\x00>U\x8c\
*\xdd\x94\x0cj\xce\xb7\x8e(\x95jkDT\xe7Z\
w\x10U\x88\xbc\xe3:\x97J\xa2\xd7\xec\xf5\xdaf\x03\
\x00\x00\xd4\xb7\xf4\xfcC\x94\xaf\x0c\xa6\xca'\x22\x0b\xac\
\x1bJ\xd5\x9f\xaa}#\x80\x97Yw\x10U\x04\xc5\xb5\
\x8d\xb3:WX&\x98\x0e\x00\x00\xd0\x988\xfe\x9b\x10\
<h\xddA\xe4+\xc5E;Rm\xcd\xd6\x19\xa5p\
\x05\x1f\xb1n \xaa\x08\x22\xabb2|\x8du\x86\xf9\
\x00 \xb2\xd8\x15\xc1\xfb\x00\x98\x1d\x06!\x0a@\xc4\x81\
|\xc2:\xa2X;R\xed\xaf\x86\xf2\xfc?\x91\x07F\
\x1c\xe0\xdd\x96\x87\xfe_`>\x00\x00@lF\xf7j\
\x05\xae\xb6\xee \xf2\x95ba&\xd9\xdeb\x9dQ\x0c\
G\xf1e\xeb\x06\xa2\x8a zmcK\xd7\xc3\xd6\x19\
@H\x06\x00\x00\x88\xb74\x7f\x15\x90\xdf[w\x10\xf9\
\xa8\x06\xc0\xf7T!\xd6!\xe3\x91M\xb6w\x008\xc7\
\xba\x83\xa8\xec\x89\xac\x8a\xe9\xc8\x17\xad3^\x10\x9a\x01\
@d\xb1[\x88\xc8\xbbQ\x81\xefO'\xda\xc5\x99\x99\
d\xfb\xe5\xd6\x11c\x95Y9\x7f\xaa\x02_\xb7\xee \
\xaa\x00#\x8e\xe6\x17\x86\xe1\xd0\xff\x0bB3\x00\x00\xc0\
\xa4\xe9\x9d\x1b\x15\xc2\x0b\x8d\xa8\xa2\x89\xe0\xfa\xec\x9a\x8e\
\xd9\xd6\x1d\x07\xa2\xba\xd8A\x8d\xdb\x09\xe0P\xeb\x16\xa2\
\xf2'_nL,{\xc4\xbabW\xa1\x1a\x00\x00\xa0\
)\xd1\xf5#\x00?\xb3\xee \xf2\xd1\x04\x15\xbd5\xdd\
\xb7 \xd4o\xd5\xcb\xa5\xd6\x7f\x89\x17\xfe\x11y\xe2\xa1\
\x18\x86Bw\x1dM\xe8\x06\x00\x00\xd0\xa8\xbb\x08\xc0&\
\xeb\x0e\x22\x1f\x9d\xe0\xb8\x85_oZ9\xbf\xd1:d\
o2\xa9\xf6\x0f(\xf0)\xeb\x0e\xa2\x0a\x90\xd5\x88\xb4\
\x87\xe9\xd0\xff\x0bB9\x004\x9d\xb0\xf4\x9f\x10\xfc?\
\xeb\x0e\x22?)pZc\xd4\xfd\xc5\x96\xb5\x97\xc6\xad\
[v\x95Nu\x5c\x0e\xc5\xb7\xac;\x88*\x82\xe0\xf2\
\xa6\xe9]\xeb\xac3\xf6&\x94\x03\x00\x00@%\xf4\xe7\
H\x89<\xf0\x86:w\xf0w\x99\xf5\xad\x87X\x87\x00\
@&\xd9~\x95\xa8\xfe\x00a\xfe\xbb\x81\xa8l\xc8\x92\
xK\xf7\xad\xd6\x15\xfb\x12\xca\xdb\x91T[#\xb9T\
\xed\x0e\x05Byx\x94\xc8\x07O\xa9+\x177\xcd\xea\
2y*\xe6\xd6\x0d\xad\x13k\x06k\x97\x00x\x97\xc5\
\xfe\x89*\x8e\xc8\xaaX|\xe8\xd5rd\xef\x80u\xca\
\xbe\x84r\xca\xcf\xa6\xa2\xd3\xb9\xf8S\x959B\x1c\xbd\
7\xb3\xa6\xe3sA\xbf90\x9d\xec8\xb3f\xb0\xf6\
ap\xf1'\xf2\x84\x009\xcd\x17.\x0e\xf3\xe2\x0f\x84\
t\x00\x10u\xe6X7\x10\x19\xa8\x81\xe8\x17\xb2\xa8]\
\x99Mu\x9c\xe7\xf7\xcer\xa9\x8e\x97\xa5\x93\xed\xb7\x08\
\xf4\xf7\x00\x8e\xf1{\x7fDUC\xe4\x03M'.]\
k\x9dq Q\xeb\x80\xbdQ\xc1)\xd6\x0dD\x86\xa6\
\xab\xea]\x99d\xc7\xfd\xa2\xee\x17\x1b\x13=w\x89@\
\xbd\xda\xf8@\xaa\xed\xe5y\xc8'\x5c\xd5K\x05\xa8\xf7\
j\xbbD\x04\xa8\xe0\xe6xK\xd7-\xd6\x1dc\x11\xca\
k\x002\xc9\xf6\x07\x01\x9cn\xddA\x14\x12\x8f\x03z\
\x0b\xdc\xc8\x8f\xe3\xb3:\xfb\x8a\xd9\xc0\xb6G\x16N\xaa\
\xa9\xcb\xbfM\xa1\xedP\xbc\x01@\xc4\xe3F\x22\x02\xfa\
ry\xe7\xd4\xc3fw\xe6\xacC\xc6\x22t\x03\x80\xde\
sv4;\xf5\xf04\xf8\x93\x09\xd1\xde<\xad\xaa\xbf\
uDV\x09\x90*8\x91\x0d2\xac\xdbc\x0d\xff\xdc\
\x81\x1dG\xba;j\xb31\xadq'F\xd59J\x81\
f\xc0I\x88\xea\xeb\x00\x9c\x04.\xfaD~\xca@\x9c\
3\xe2-\x9dk\xacC\xc6*t\x03@6\xd9v\x92\
BB\xf5\xb8D\x22\x22\xa2\xfdp\x15\xfaoM\x89\x9e\
_X\x87\x8cG\xe8.\x02t\x85\x17\x00\x12\x11Q\xf9\
P\xe03\xe5\xb6\xf8\x03!\x1c\x00D\x95\x17\x00\x12\x11\
Q\x99\x90\xdexK\xf7u\xd6\x15\xc5\x08\xdd\x00\xa0\xe0\
\x1d\x00DDT\x16\x1e\x8e\x0d4,\xf4\xf2.\x9d \
\x85\xea\x1a\x00M\xb6\xd6fQ\x93\x06\xa4\xce\xba\x85\x88\
\x88h?\x9e\x8d\xe4qZ\xc3\xec\xee\xa7\xacC\x8a\x15\
\xaa#\x00\xfdN\xcd,.\xfeDD\x14r\x83.\xf4\
\xed\xe5\xbc\xf8\x03!\x1b\x00\x5c\x97\x17\x00\x12\x11Q\xa8\
\xa9\x00\x97ML\xf4\xfc\xc5:\xa4T\xa1\x1a\x00\x00\xbc\
\xd2:\x80\x88\x88h?\xbe\x1cKt\xf7XGx!\
l\x03\xc0\xa9\xd6\x01DDD\xfb\xd0\x13ki\xbe\xca\
:\xc2+\xa1\xb9\x08P7.\x9c\x90\xed\x1fI\x03\xa8\
\xb1n!\x22\x22z\x89\xe51\x0c_ \x89\xdea\xeb\
\x10\xaf\x84\xe6\x08@\xba\xbf0\x1b\x5c\xfc\x89\x88(d\
\x04\xf8\xcb\x00\x86\xdfQI\x8b?\x10\xa2\x01\xc0Q\x97\
\x17\x00\x12\x11Q\xd8\xac\xd7\xbcs\xe1\xd4Do\xd6:\
\xc4k\xa1y\x1d\xb0\x88\x9e\xa2\xe19#ADD\xf4\
tT\xf4\xbc\xfa\xd9\x9d\x9b\xadC\xfc\x10\x9a#\x00*\
\x0e\x9f\x00HDDa\xf1<\x807\xd6\xb7\xf4\xfc\xc3\
:\xc4/\xa1\x18\x00t\xc5\xa2\x06\xa8\xb6Xw\x10\x11\
\x11\x01\xe8W\xc5E\xf1Dw\xca:\xc4O\xa18\x05\
\x90\xa9\xeb?IB\xd2BDDUm\xc4\x01\xde\xd9\
8\xb3\xfb\x01\xeb\x10\xbf\x85\xe2\x08\x808|\x03 \x11\
\x11\x99+\x88\xca%\x8d\x89\xee;\xacC\x82\x10\x8a\x01\
@Uy\x07\x00\x11\x11Y*\x08\xb006\xb3k\xa9\
uHPB1\x00\x88\x08\x07\x00\x22\x22\xb2\xb2s\xf1\
OtwY\x87\x04\xc9\xfc\xbe\xbb\xcd\xc9\xd6X=j\
\xb7\x03\x88X\xb7\x10\x11Q\xd5)\x08\xf4\x92X\xa2\xa7\
\xdb:$h\xe6G\x00\xea\xa5\xe6\x95\xe0\xe2ODD\
\xc1+\x08\xb0\xa0\x1a\x17\x7f \x04\x03\x80\xb8\xe0\x05\x80\
DD\x14\xb4\xd1\xc5\xbf2\xde\xecW\x0c\xf3\x01\x80\x0f\
\x00\x22\x22\xa2\x80\x15De~5/\xfe@(\xee\xbd\
\xe7\x1d\x00DD\x14\x98\x11\xb8:76\xab\xfb\xa7\xd6\
!\xd6L/\x02|~}{S\xed0\xb6!\x04G\
\x22\x88\x88\xa8\xe2\x0d(dnS\xa2\xeb6\xeb\x900\
0=\x02P;\xa4\xa7@\x84\x8b?\x11\x11\xf9m\xbb\
B\xde\xd6\x94\xe8\xba\xcf:$,L\x07\x00u\x9c9\
\xa2j\x99@DD\x95\xefYQ9?>\xb3k\xa5\
uH\x98\x98\x0e\x00\xa2|\x040\x11\x11\xf9jm\x14\
\x917\xd5\xcf\xbc\xe5\x09\xeb\x90\xb01\xbe\x08P\xe6\x00\
<\x02@DD\xdeS\xe0\xafR;|A}s\xef\
\x16\xeb\x9602;\xff\xbe}U\xdbd@\x8f\xb1\xda\
?\x11\x11U\xb4\xe5C\x91\xba7\xc4\xb9\xf8\xef\x93\xd9\
\x00\x10\x8d\xe2\x14\x84\xe0Q\xc4DDTY\x14\xe8\x8a\
\x0d4\xbe\xe5\x90\xe97f\xac[\xc2\xcc\xec\x14\x80\xab\
2\x87\xab?\x11\x11y\xec\xfaxK\xf3GE\x16\xbb\
\xd6!ag6\x00\x08\xf8\x08`\x22\x22\xf2L\x1e\xc0\
\xc7\xe2\x89\xeeoY\x87\x94\x0b\xcb\x01`\x0e/\xff#\
\x22\x22\x0f<\x0f\xd5\xd6\xf8\xcc\x9e{\xacC\xca\x89\xc9\
Q\xf8\xf4\xbay\x07K\xde\xe1\x85\x19DDT\xaa\xd5\
\x85\x88s\xd1\xa4\xe9\x9d\x1b\xadC\xca\x8d\xc9E\x80N\
>\xc2\xe7\xff\x13\x11QI\x04\xb8}\xb8\x16\xaf\xe5\xe2\
_\x1c\x93\x01@\xc5\xe5\x00@DD\xc5R\x11\xb9\xae\
\xb1\xa5\xf9m\x075w\xa7\xadc\xca\x95\xcd5\x00\xca\
\x0b\x00\x89\x88\xa8(\x83\x02\xbd<\xd6\xd2\xddm\x1dR\
\xee\x8c.\x02\x14\x1e\x01 \x22\xa2\xf1z\xcaq\x9dw\
4\xce\xea\x5ca\x1dR\x09\x02?\x05\x90]=\xefP\
\x00G\x04\xbd_\x22\x22*k\xcb\x91wN\xe1\xe2\xef\
\x9d\xc0\x8f\x00\x14\x22\x919\x0e\xdf\x00HDDcS\
\x00\xe4\x8b\xb1\x96\xa1kDz\x0b\xd61\x95$\xf0\x01\
\xc0Qw\x0e\x9f\x00LDDc\xb0YD:b-\
]w[\x87T\xa2\xc0O\x01\x08\x1c^\x00HDD\
\x07\xa0\xbf\x13\xd4\xcc\xe6\xe2\xef\x9f\xc0\x07\x00\x85\xf2\x02\
@\x22\x22\xda\x97< \x9f\x8f\xb5\x1c\x7f^,q\xd3\
&\xeb\x98J\x16\xe8)\x80\xfeu\x0b\x0e/\xe4\x0b/\
\x0br\x9fDDT6\x9eRH[S\xa2\xeb>\xeb\
\x90j\x10\xe8\x11\x80|>\xcf\x9f\xfe\x89\x88ho\x96\
\x8b\xeb\xce\xe1\xe2\x1f\x9c@\x8f\x00\x08\xe4\x95A\xee\x8f\
\x88\x88Bo@D\xfe\xabqF\xd7\xf5\x22\xe0-b\
\x01\x0at\x00P\xe0T^\xffODD\x00 \xc0\x9f\
\xdd\x82\xbb0~\xe2\xd2\xb5\xd6-\xd5(\xe0#\x00|\
\x040\x11\x11a\x04\x90/7\xf2\xde~S\x81\x0d\x00\
\x03\xc9\x05G\xe5Q\x98\x1a\xd4\xfe\x88\x88(\x84DV\
\x89\xba\x97\xc4\x12\xdd\x7f\xb3N\xa9v\x81]\x04\x98w\
y\x01 \x11Q\x15\xcb\x8b\xc8u1\x1d:5\x96\xe8\
\xe1\xe2\x1f\x02\xc1\x9d\x02px\xf8\x9f\x88\xa8J%\x1d\
G/i\x9c\xd1\xfd\x90u\x08\xfdK\x80\xd7\x00\x08\x07\
\x00\x22\xa2\xea\x92\x17\xe0\xeb\x8d\xb5[\x17K\xf3\x1dC\
\xd61\xb4\xbb@\x06\x00UH6\x05\x9e\x02 \x22\xaa\
\x12*\xba\x22R\x88\xbc\x9fo\xef\x0b\xaf@\xae\x01\xd8\
\xb1\xba\xedh\x00\x07\x05\xb1/\x22\x222\xb5MD>\
\x12\x9fq\xfc\xab\xb8\xf8\x87[ G\x00\x22\x11g\x0e\
\xf8|\x07\x22\xa2J\xa6\x0atI\xed\xf0\x7f\xc4\x9a{\
\xb7X\xc7\xd0\x81\x052\x00\x88\xea)\xca'\x00\x11\x11\
U\xaau\x02\x5c\x11Ot\xff\xd6:\x84\xc6.\x98k\
\x00D\xe7\x00\x9c\x00\x88\x88*L? _\x8ba\xe8\
\xcb\x92\xe8\x1d\xb6\x8e\xa1\xf1\xf1}\x00\xd8y\x01 \xdf\
\x01@DTY\xf4\xe7QD\xaf\xacO\xdc\xf2\x84u\
\x09\x15\xc7\xf7\x01 \xdd\xd7v\x9c\x03L\xf2{?D\
D\x14\x88\xa4#\xfa\x9f\x8d-=\xbf\xb6\x0e\xa1\xd2\xf8\
~\x17\x80\xc3\xe7\xff\x07\xe1y\x11\xb9\x04\xd0+\x01\xfc\
\xd3:\x86\x88*\xd2\x13\x22\xba \xd6\xd2|\x22\x17\xff\
\xca\x10\xc0)\x00\x99\xc3\xb3\xff\xfe\x11\xc1\xaf\xc4)\xbc\
\xb7q\xfa\xb2g\x00`s\xb2\xf5\xc6z\xd4}\x1c\xd0\
\xff\x04Po\x9cGD\xe5/\x0b\xc87bMC\xd7\
\xc9\x91\xbd\x03\xd61\xe4\x1d\xdf\xd7\xe6L\xb2\xe3^@\
\xcf\xf2{?U\xe89\x00\x1f\x8c'\xba\x7f\xb2\xb7/\
\xf6\xaf[px!\xef^\x05\xe8e\x00\x22\xc1\xa6\x11\
Q\x05\x18\x01\xe4G\xe2\x16\xae\x8a\xcdZ\xfa\x9cu\x0c\
y\xcf\xd7\x01@u\xb1\x93M\xad\xdf\x06\xa0\xc9\xcf\xfd\
T\x1f\xe9\xd5h\xe1\x03M',=\xe0\xe1\xfeL\xb2\
\xbd\x05\x90\xc5\x80\xb6\x06\x10FD\x15@\x04\xbf*@\
?6\xb1\xa5g\xbdu\x0b\xf9\xc7\xd7\x01 \xbdj\xde\
t\x898}~\xee\xa3\xca<!\x90\xf7\xc6\x12]w\
\x8e\xf7\x83\xd9T\xdb\xb9\xaa\xf2\x05\x00\xa7\xfb\xd0ED\
\x15A\xeeW\x17\x9fl\x9a\xd5\xf5\xa0u\x09\xf9\xcf\xd7\
\x01 \x9bj\x9b\xaf*\xb7\xf8\xb9\x8f*\xa1\x80\xfc`\
\xb8V?qPsw\xba\x94\x0deSm\xe7B\xe5\
K\x0a\x9c\xe6U\x1c\x11\x95\xbd\x07T\xdd\xeb\x9af.\
\xfd\xa5u\x08\x05\xc7\xd7\x8b\x00Uy\x07\x80\x07\x1e\x07\
\x9c\xf7\xc4\x13\x9d\xbf\xf3bc\xb1\x96\x9e\xe5\x00\x96g\
Sm\xe7\xba*_\x16\xe0T/\xb6KDe\x89\x0b\
\x7f\x15\xf3\xf5\x08@&\xd9~?\x80\xd7\xf8\xb9\x8f\x0a\
\xe6\x02\xf2\xc3\x5c^>v\xd8\xec\xce\x9c_;\x19=\
5p-x\xbb&Q5y@\x80\xabc|to\
U\xf3m\x00Pm\x8d\xe4R\xb5;\x14h\xf4k\x1f\
\x15,\xe9\xc2\xb9lb\xa2\xf3\xcfA\xecL\x15\x92\xe9\
k\x7f\xbb\xa3\xf8\x14O\x0d\x10U\xb4\xe5\x0a\xf7\xf3M\
\x89\xa5\xf7[\x87\x90=\xdf\x06\x80Lr^\x02p\xd6\
\xf8\xb5\xfd\x0a5\x02\xd1kc:\xf2E\xab\xe7jg\
\xd6\xb4\x9d\xa3\x22\xff)\xc0\x9b\xc0\x178\x10U\x06\xc1\
]Z\x90\xcf\xf3\xe2>\xda\x95o\xd7\x00(\xe4T\xae\
\x1e\xe3\xb2\xd2q\xf4\xb2\xc6\x19=\x0fYF\xc4g\xf6\
\xdc\x03\xe0\x9e\xec\xeay'\xba\x8e\xf3q\x01\xe6!\xa0\
\x97F\x11\x91\xa7\x86\x01\xf9\x85+\xfa\xdf\x13[\xba\xff\
d\x1dC\xe1\xe3\xe3\x11\x80\xb6o\x01\xf2A\xbf\xb6_\
A\x06\x01\xb9.6\xd0\xf0%\x99\xb3d\xc4:\xe6\xa5\
\xb6\xf5\xcd}E\xd4\x8d|\x14\xc0\xe5\x00\x1a\xac{\x88\
\xe8\x80v\x00\xb89\x92\xc7\xd7\x1afw?e\x1dC\
\xe1\xe5\xe3\x00\xd0\xfe x\xcf\xf9\x81<\xa0\x11\xb9\xac\
iz\xd7:\xeb\x90\x03I\xaf\x9bw0\xf2\xce{\x04\
x?\x80#\xad{\x88h\x0f)@\xbf\x19k\x1a\xe9\
\xe4#{i,|\x19\x00\xf4\x9e\xb3\xa3\xd9\xa9\x87\xa7\
\xc1g\xd1\xefK\xbf\xaa~!\x9e\x18\xf9\xbaHo\xc1\
:f<T\x17;\x99\xe4\xba\x0bD\x9c\x0f\x03x\x03\
x\x9d\x00\x91\xb5\x07T\xdd\xeb\xe2\x89\xa5\xbf\x12\x81Z\
\xc7P\xf9\xf0\xe5/\xef\xec\x9a\x8e\xd9*\xfa7?\xb6\
]\x01\x96\x17\x22\xce\xa2I\xd3;7Z\x87\x94*\xbb\
\xa6c6\x04\x1fRh\x1b8\xec\x11\x05\xa9\x1f\x82n\
\xa8\xfb\xcdxbi\xd2:\x86\xca\x93/\x03@:\xd9\
~\xa9\x007\xf8\xb1\xed2\xb6]E?\x1e\x9f\xd1s\
c\xa5M\xe9\xe9\xbe\x05\x07\xa1\x90\xbf\x5cD.\x07p\
\x9cu\x0fQ\x05{\x18\xa2?\x1c\xa9\x1b\xe9\x99rl\
\xef\x0e\xeb\x18*o\xbe\x0c\x00\x99d\xfb\xff\x01\x13\xfc\
\xbb\xd4\x00\x00\x07\xfdIDATx\x9f\x1f\xdb.G\
\x0a\xf9u\xd4\xcd\xbf\xafa\xd6\xb2'\xad[\xfc\x96\xeb\
k;\xc5u\x9dE\x02m\xe73 \x88<\xb1\x03\x90\
[\x1d\xc1\xf7\x1b[\xba\x1e\xb6\x8e\xa1\xca\xe1\xcf\x11\x80\
T\xdb_Ee\x8e\x1f\xdb.3\xdb\x00\xfdT<\xd1\
\xb3\xc4:$h[7\xb4N\xac\x19\xac\xb9\x18\x90\x05\
\xe0\xd3 \x89\x8a\xf1\x10\xa0Kr\xf9H\xb7\x9fO\x03\
\xa5\xea\xe5\xf9\x00\xa0\xc9\xd6\xda,j\xd2\x80\xd4y\xbd\
\xed\xb2\xa2\xb2\x0cuC\x1f\x8e7\xf7n\xb1N\xb1\x96\
K\xce=\xd9\x95\xc8eP\xcc\x030\xc5\xba\x87(\xc4\
6\x89\xc8\xcd\xae876\xcd\xb8\xe5Q\xeb\x18\xaal\
\x9e\x0f\x00\xb9T\xc7+]U\xd3\x87\xd9\x18{F\xa1\
\x1fhJ\xf4\xfc\xc2:$l4\xd9Z\x9bA\xdd\x9b\
\xe5\xff\xb7w\x7f\xb1U\xdeu\x1c\xc7?\xdf\xe7\x9c\x16\
zN\xff0W\xc4\x0d\x18a\xb3\xb0\xf6\x08\xc4\x0d\xb7\
h\x88r\xc1\xe2F\x94\xc4\x8b&\xa3\xad\x04\x11\x89f\
&\x1a\xe3\x8d\x89\x19\xc4D\xe7b\x8c\x17\xde\xcd\xb8\x10\
\xc6\x9fmM\xa6\xb2\x0d2%\x12\xd1\x0c3\x85M\xb6\
\x96\x162\x87\x96\xaa3B\xbb\xf6\x9cS8\xed\xf9}\
\xbdh\xb7\x105\x86\xc1s\xfa\x9c\xf6\xbc_\xc9\x93\xf4\
\xa6\xdf~\xce\xc5\xe9\xf3\xcb\xf3{~\xdf\xafk\xab\xcc\
\xb7\x88\xbe\x02\x80$\xe5%\x1dv\xd93M\x13\x99\xa3\
\xd5\xd8\x0f\x04\xf3S\xec\x1d\xde\x82\xd7\xf2t9\xeb\xf5\
(\xfaJs\xfb\xbeKI'\xa9F3\xed\x8d\x0fK\
:\xecC\x9d\x0d\xf9\xb1\xba\xcf\x98\xd96w}ZR\
]\xc2\xf1\x80\xd9t\xc5L\xc7$\xeb-\xfa\xd5\xe7>\
\x98\xeb\xcd'\x1d\x08\xb5\xa7\x12-^\xef\xa9@\xcd\xaa\
f\xd2\x05\x99\xedj\xec\xd8\xff\xab\xa4\xb3\xcc\x153\x8d\
Jz%\xf5\x8e\x9f\xef\x5c\xac\xc9\xfaN\xb9m\x95\xfc\
\x13\x92\xa2\x84\xe3\x01\x95pE\xd2Q\x99?[\x98L\
=\xcf\xbe>\x92\x16\xfb\x16\xc0x_\xcfi\xc9?\x1a\
w\xdd*\xe5\x92\xfd\xe4J\xaa\xfe\x9b\x8b\xef~r<\
\xe90\xf3\xc1\xd8\xe0\xd6\xd6\xa8\x9c\xda,y\xa7\xbb?\
P\xf3\xef\x92`\xae+K:nfO]\xad\xf3\x9f\
\xdf\xdav`,\xe9@\xc0\xbbb]\x00\xf8\xf9\x87\x16\
\xe4K\x1f\x18\x93T\x1fg\xdd*5\xe8\x0a;\x19\xab\
Y9\x97\xdf\xecl\xa9\x9fX\xb0\xd9M\x9f\x93\xfc!\
I\x8dIg\x02\xae\xc3%I/\x99\xf4\xe2T\xd9\x8f\
.Z{p$\xe9@\xc0\xff\x12\xeb\x02\xa0\xf0F\xf7\
\xc7\x82\xe9\x958kV\xa1)3\xfba\xb6!\xbd\xc7\
V\xee\xbd\x92t\x98Z\xe1om_8\x9e\x9f\xdcd\
)m\xd1\xf4;\x03w$\x9d\x09\xb8\xc6k\x92\x1fq\
\xb7#M\xb9\xd2\xef\xe7Z\x8bo\xd4\xa6X\xdf\x01\x08\
\xd2}q\xd6\xabBoD\xae\x1d\xd9\xdc\xfe?$\x1d\
\xa4\xd6\xcc,\xb6^\x98\xb94z\xa6\xeb\xceTJ\x9b\
\xcc\xec\xb3\xee\xda$ia\xa2\x01Qk\x8a\x92^6\
\xb3\x17\xa2\xf2\xd4s\xb5\xd0\xe4\x0b\xf3O\xacO\x00\xf2\
}\xdd?uiG\x9c5\xabDI\xd2w\x1b'\xb2\
\x8fqD\xa7\xfa\xf8\x1fwe\x8a\x99\xfc\xc6\xe0\xf6\xa0\
\xa4\x07%\xb5%\x9d\x09\xf3\x8ekz\xda\xde1\x0bv\
$\xbb\xf0\xf2o\xac\xed\xe8\xd5\xa4C\x017#\xd6\x05\
\xc0x\x7f\xcf\x9f\xe4\xbe6\xce\x9aU\xe0\xb5H\xe5\x1d\
\xd9\xdc\xd3\xaf&\x1d\x04\xd7\xa7\xd0\xdfs[\xf0\xb0A\
\x8a6I\xbeAR\xbb\x98Z\x88\xf7'H\x1a\x90\xec\
wR8\xe6i?\xde\xbc\xfa\xd0\xbf\x92\x0e\x05\xc4)\
\xb6\x7f\x8a\xd3\x1d\x00\xeb\x0b\xaa\xcc\xd1\xc2$L\x98\xfc\
\xd1l\xc7\xe4\x8f\xd8\xcf\x9b\xdb\x0a\x03\x0f\xdf\xee\xe5\xd4\
F\x97>\xa9\xe9\xab=\xe9L\xa8:S&\x9d\x92t\
\x22\x04\x9d\x98\xca\x94~\xcb\xb0\x1d\xccw\xb1-\x00\xde\
\xe9\xeb\xf9p$?\x1fW\xbd\x84\x9d\x08\xe6;[:\
\x0e\xce\x97\xcf\x83k\xe4_\xdf\xba$\xa4R\x1f\x8f\xdc\
\xefw\xf9}\x92\xad\x97\xd4\x9ct.\xcc\xaaQ\xc9O\
Kv\xd2\x82N\x14\xa3\xd2\xcb4\xe3A\xad\x89m\x01\
\x90\xef\xefy\xc0\xdd\x7f\x19W\xbd\x84\x14\xdd\xfd;M\
\xb9U?0\xdb\x13\x92\x0e\x83\xd93z\xa6\xeb\xcet\
:\xda\xe0\xee\xf7J\xbaW\xf2\xf5\xf4 \x987\xc6$\
\xbd.\xe9\x94\x99\x9dr/\x9fj\xecX}\x96\xef8\
j]l\x0b\x80\xf1\xbe\xaeN\xc9\x9e\x8d\xab^\x02^\
J+\xb5\xab!\xb7\xef\xafI\x07A\xf2|\xa8\xb3a\
l\xacn\x8d\xb9\xad3\xd3\x1aI\x1f\x91\xb4N\x0c3\
\xaav#z\xefF\x1fN\x95C\xf9\xf4\xa25\xcf\xbc\
\x99t(\xa0\x1a\xc5\xb6_\xef\xeeW\xcc\xe6\xe4{V\
#.\xffFs\xee\xe0\xde\xa4\x83\xa0z\xcc\xb4*~\
e\xe6zOqp\xdb\xd20\x15\xd6\x04\xf3\xb5r\xad\
1Y\xce\xe4\xab\x5c\xca&\x93\xb4f\x0dK>(E\
\x83f\x1aT\x08\x03\x93\xa90xK\xfb\xd3\x17\x92\x0e\
\x06\xcc\x151n\x01tmr\xb7\xb9\xd6\x0b\xffg\x91\
\xd9#\xd9\x8e\xfd\x7fO:\x08\xe6\xb6\xe2\xe0\xb6\xa5\xe5\
Rhs\xf3\xb6\xc8\xd4\xe6\xf26\xc9VI~\x17[\
\x097lB\xd29I\x83r\x9d3\xd3Y\x0b\xd1\xb9\
b]\xdd \xad\xb7\x81\x9b\x17\xdb\x02`\xa2\xbfk\xc5\
\x94\xdb\x85\xb8\xeaU\xd8?%\xffjS\xee`o\xd2\
A0\xbf\xb9\xef\x89F\x07\x06\xeeH\x85\xf4\xf2H\xbe\
\x22H\xcbL\xbe\xd4\x14\xadpi\x99\xa4e\x92/N\
:g\x02J&\xfd\xcde\x17e>\xe4n\xc3\xa60\
\xa4\xa0\x8b!J\x0d\xa7S\x93C\x99\xd5w\xff\x83}\
z\xa0r\xe2;\x06\xe8\xb2|\x7f\xf7%I\xb7\xc4U\
\xb32\xec\x80G\xd1\xd7\x18\xd9\x8bj\xe1om_8\
6QZn\x1e}H\xe6\xad\xe6Z\x22\xf3V\xb9Z\
\xa5\xa8U\xf2VIK$\xb5\xce\x5c\xd5\xd8\xf5\xb0\xa8\
\xe9\xfd\xf7Q\xc9FL\x1a\x09\x1eF\xcclT\xb2\x11\
\xc9/\xb9\xec/\xa9(\x0c{\xa8\x1f\xcev\xec}\xdb\
L\x9eth\xa0\x96\xc5\xdb\x08\xa8\xaf\xfb\x17\x92\xb6\xc4\
Y3F\x17\x83\xd9\x97[:\xf6\xbf\x98t\x10\xe0f\
\xf8\xf1\x8d\xe9wn\xbd\xbdiAZ\xcdSn\xd9(\
D\x19O\x95\x17\x05E\x8d\x91{\xc6\xe5\x8dn\xb6H\
\xc1\xa7\xbf\xdf\x16\xa5\x22\xbb\xe6\x98\xa3{\xe4\xb2\x96k\
*^5\xb3\xa2$\xb9B\xc9\x83\x0a\x92\x14I%\xb7\
\xe9\x9f]\xd1\xa4)\xe4%)2\x15\xca\xe6#6\x95\
\x1e\xb5(5\x92\xad\x7f{\x84\xaex\xc0\xdc\x13s'\
\xc0\xae\x87\xe5v(\xce\x9a1p\x97\xf6\xbbJ_o\
\xc9\xf5^N:\x0c\x00\x00\xd5 \xd6\xae}\x8d\xc5\xc6\
\xc3\xf9\x86\xc2eU\xcfQ\xa9?K\xd1\x97\x9asO\
\xfd:\xe9 \x00\x00T\x93(\xceb\xb6\xfe\x89\xa2\x9b\
}?\xce\x9a7\xc8%{bB\xa5uM\xdc\xfc\x01\
\x00\xf8/\xb1\x1f\xdc\xf7\xa1\xce\x86\xfcX\xfd\x80\x92\x9b\
\xd7~\xd6\xa3\xf0\xc5\xe6\xf6C'\x13\xfa\xfb\x00\x00T\
\xbdX\x9f\x00H\xd3\x0dT\x5c\xd6#i\xb6\x07\xe8L\
\x99\xd9\xe3\x8d\x99\xba{\xb8\xf9\x03\x00\xf0\xffU\xacu\
\xdfX_\xf7\xb7L\xfa^\xa5\xea\xff\x07F\xf6\x02\x00\
\xf0>\xc4\xfe\x04\xe0]\xcd\xb9\x03\x8f\x99T\xe9\xf7\x01\
&\xcd\xec\xf1F\x95\xee\xe7\xe6\x0f\x00\xc0\xf5\xabx\xf3\
\xfe\xf1\xbe\xeeG%\xedV\xfc\x8b\x8d\x93\x92v6\xe5\
\x0e\xf4\xc7\x5c\x17\x00\x80yoV\xa6\xf7\x14\xfa\xbb6\
\x07\x8f\xf6\xc6\xd1\xf2\xd4\xa4\x82L\xdf\xce\xb6\x97~l\
\xd6;\xdb\xef\x19\x00\x000/\xcc\xda\xf8\xbe\x91W\xb7\
/J\xd7M\xee\x96\xe9\x11Iu7P\xa2l\xb2\xbd\
Q:\xda\x9dY\xbdo8\xee|\x00\x00\xd4\x92Y\x9f\
\xdf[\xe8\xef\xb9-\x04\xed4\xf3/\xb8\xb4\xf2:~\
e\xd8\xa4\x83\xa1\x1c\x9el^{h\xa0\xe2\x01\x01\x00\
\xa8\x01\xb3\xbe\x00\xb8\xd6\xe8\xc0\xe7WF\xe5\xf2\xa7\xcc\
\xed.\x8f\xb4\xdc\xdc2&/\xb84\xe6\xe6gR\x1e\
Ng:\xcagx\xd4\x0f\x00\x00\x00\x00\x00\x00\x00\x00\
\x00\x00\x00\x00\x00\x00\x00\x00\x00\x00\x00\x00\x00\x00\x00\x00\
\x00\x00\x00\x00\x00\x00\x00\x00\x00\x00\x00\x00\x00\x00\x00\x00\
\x00\x00\x00\x00\x00\x00\x00\x00\x00\x00\x00\x00\x00\x00\x00\x00\
\x00\x00\x00\x00\x00\x00\x00\x00\x00\x00\x00\x00\x00\x00\x00\x00\
\x00\x00\x00\x00\x00\x00\x00\x00\x00\x00\x00\x00\x00\x00\x00\x00\
U\xee\xdf\xaf\x0f\xdczG\xccR\xf2\x00\x00\x00\x00I\
END\xaeB`\x82\
"

qt_resource_name = b"\
\x00\x05\
\x00o\xa6S\
\x00i\
\x00c\x00o\x00n\x00s\
\x00\x09\
\x0al8C\
\x00R\
\x00e\x00s\x00o\x00u\x00r\x00c\x00e\x00s\
\x00\x05\
\x00O\xa6S\
\x00I\
\x00c\x00o\x00n\x00s\
\x00\x15\
\x00\x07\x83\xa7\
\x00q\
\x00u\x00e\x00s\x00t\x00i\x00o\x00n\x00_\x001\x007\x005\x001\x005\x003\x000\x007\
\x00.\x00p\x00n\x00g\
\x00\x13\
\x09\xbc\x91'\
\x00f\
\x00o\x00l\x00d\x00e\x00r\x00_\x001\x002\x000\x007\x005\x005\x008\x009\x00.\x00p\
\x00n\x00g\
\x00\x1a\
\x0c\xa5\xd0g\
\x00q\
\x00u\x00e\x00s\x00t\x00i\x00o\x00n\x00-\x00m\x00a\x00r\x00k\x00_\x001\x004\x002\
\x009\x003\x000\x004\x005\x00.\x00p\x00n\x00g\
"

qt_resource_struct = b"\
\x00\x00\x00\x00\x00\x02\x00\x00\x00\x01\x00\x00\x00\x01\
\x00\x00\x00\x00\x00\x00\x00\x00\
\x00\x00\x00\x00\x00\x02\x00\x00\x00\x01\x00\x00\x00\x02\
\x00\x00\x00\x00\x00\x00\x00\x00\
\x00\x00\x00\x10\x00\x02\x00\x00\x00\x01\x00\x00\x00\x03\
\x00\x00\x00\x00\x00\x00\x00\x00\
\x00\x00\x00(\x00\x02\x00\x00\x00\x03\x00\x00\x00\x04\
\x00\x00\x00\x00\x00\x00\x00\x00\
\x00\x00\x008\x00\x00\x00\x00\x00\x01\x00\x00\x00\x00\
\x00\x00\x01\x9d]\xfe\xad\xe8\
\x00\x00\x00h\x00\x00\x00\x00\x00\x01\x00\x00&\x8f\
\x00\x00\x01\x9d]\x97\xb3\xef\
\x00\x00\x00\x94\x00\x00\x00\x00\x00\x01\x00\x00i\xcb\
\x00\x00\x01\x9d]\xfc\xb8\xf4\
"

def qInitResources():
    QtCore.qRegisterResourceData(0x03, qt_resource_struct, qt_resource_name, qt_resource_data)

def qCleanupResources():
    QtCore.qUnregisterResourceData(0x03, qt_resource_struct, qt_resource_name, qt_resource_data)

qInitResources()
